timestamp,symbol,price,size
2026-09-14 14:18:30.479174+00:00,SPY,760.01,40.0
2026-09-14 14:18:30.479195+00:00,SPY,760.01,40.0
2026-09-14 14:18:30.479195+00:00,SPY,760.01,80.0
2026-09-14 14:18:30.479198+00:00,SPY,760.01,40.0
2026-09-14 14:18:30.479231+00:00,SPY,760.01,40.0
2026-09-14 14:18:30.479246+00:00,SPY,760.01,40.0
2026-09-14 14:18:33.492180+00:00,SPY,759.99,40.0
2026-09-14 14:18:33.499551+00:00,SPY,759.985,1.0
2026-09-14 14:18:33.761825+00:00,SPY,759.975,40.0
2026-09-14 14:18:35.139168+00:00,SPY,759.98,160.0
2026-09-14 14:18:35.139171+00:00,SPY,759.98,40.0
2026-09-14 14:18:35.139171+00:00,SPY,759.98,40.0
2026-09-14 14:18:35.631371+00:00,SPY,759.97,1.0
2026-09-14 14:18:37.718403+00:00,SPY,759.96,80.0
2026-09-14 14:18:37.719264+00:00,SPY,759.965,100.0
2026-09-14 14:18:37.719267+00:00,SPY,759.965,20.0
2026-09-14 14:18:37.719267+00:00,SPY,759.965,18.0
2026-09-14 14:18:37.839406+00:00,SPY,759.94,40.0
2026-09-14 14:18:38.680801+00:00,SPY,759.93,40.0
2026-09-14 14:18:38.680819+00:00,SPY,759.93,40.0
2026-09-14 14:18:38.680819+00:00,SPY,759.93,40.0
2026-09-14 14:18:41.345374+00:00,SPY,759.91,7.0
2026-09-14 14:18:43.135046+00:00,SPY,759.92,15.0
2026-09-14 14:18:43.135046+00:00,SPY,759.92,41.0
2026-09-14 14:18:43.135727+00:00,SPY,759.92,40.0
2026-09-14 14:18:43.164057+00:00,SPY,759.92,40.0
2026-09-14 14:18:45.783808+00:00,SPY,759.91,1.0
2026-09-14 14:18:46.141347+00:00,SPY,759.91,2.0
2026-09-14 14:18:46.267865+00:00,SPY,759.91,1.0
2026-09-14 14:18:46.576807+00:00,SPY,759.91,2.0
2026-09-14 14:18:48.099364+00:00,SPY,759.855,30.0
2026-09-14 14:18:48.597104+00:00,SPY,759.86,1.0
2026-09-14 14:18:48.629353+00:00,SPY,759.86,1.0
2026-09-14 14:18:49.253331+00:00,SPY,759.85,1.0
2026-09-14 14:18:49.253352+00:00,SPY,759.85,40.0
2026-09-14 14:18:49.253352+00:00,SPY,759.85,32.0
2026-09-14 14:18:49.253996+00:00,SPY,759.85,8.0
2026-09-14 14:18:49.253999+00:00,SPY,759.85,32.0
2026-09-14 14:18:49.933937+00:00,SPY,759.865,1.0
2026-09-14 14:18:51.439747+00:00,SPY,759.855,1.0
2026-09-14 14:18:51.522653+00:00,SPY,759.855,6.0
2026-09-14 14:18:51.522655+00:00,SPY,759.855,40.0
2026-09-14 14:18:51.522658+00:00,SPY,759.855,9.0
2026-09-14 14:18:51.546821+00:00,SPY,759.85,40.0
2026-09-14 14:18:51.591917+00:00,SPY,759.855,3.0
2026-09-14 14:18:52.018494+00:00,SPY,759.865,33.0
2026-09-14 14:18:52.690876+00:00,SPY,759.85,75.0
2026-09-14 14:18:52.690879+00:00,SPY,759.85,25.0
2026-09-14 14:18:52.701476+00:00,SPY,759.85,15.0
2026-09-14 14:18:52.701479+00:00,SPY,759.85,85.0
2026-09-14 14:18:52.961363+00:00,SPY,759.855,40.0
2026-09-14 14:18:54.329513+00:00,SPY,759.84,40.0
2026-09-14 14:18:54.559000+00:00,SPY,759.85,100.0
2026-09-14 14:18:54.669776+00:00,SPY,759.85,100.0
2026-09-14 14:18:54.683320+00:00,SPY,759.85,100.0
2026-09-14 14:18:55.385768+00:00,SPY,759.815,80.0
2026-09-14 14:18:55.385771+00:00,SPY,759.815,20.0
2026-09-14 14:18:55.464493+00:00,SPY,759.83,127.0
2026-09-14 14:18:55.464493+00:00,SPY,759.83,65.0
2026-09-14 14:18:55.464520+00:00,SPY,759.83,48.0
2026-09-14 14:18:55.803441+00:00,SPY,759.85,80.0
2026-09-14 14:18:55.807603+00:00,SPY,759.85,40.0
2026-09-14 14:18:56.042843+00:00,SPY,759.85,109.0
2026-09-14 14:18:56.043444+00:00,SPY,759.85,40.0
2026-09-14 14:18:56.045642+00:00,SPY,759.85,106.0
2026-09-14 14:18:56.046196+00:00,SPY,759.85,40.0
2026-09-14 14:18:57.461282+00:00,SPY,759.855,40.0
2026-09-14 14:18:59.027605+00:00,SPY,759.86,100.0
2026-09-14 14:18:59.036365+00:00,SPY,759.86,100.0
2026-09-14 14:18:59.041898+00:00,SPY,759.86,100.0
2026-09-14 14:18:59.048526+00:00,SPY,759.86,100.0
2026-09-14 14:18:59.875633+00:00,SPY,759.85,1.0
2026-09-14 14:19:02.911413+00:00,SPY,759.83,40.0
2026-09-14 14:19:06.263846+00:00,SPY,759.795,22.0
2026-09-14 14:19:06.761928+00:00,SPY,759.8,40.0
2026-09-14 14:19:08.041345+00:00,SPY,759.78,320.0
2026-09-14 14:19:08.869277+00:00,SPY,759.805,100.0
2026-09-14 14:19:08.899054+00:00,SPY,759.805,200.0
2026-09-14 14:19:08.907904+00:00,SPY,759.805,200.0
2026-09-14 14:19:08.919027+00:00,SPY,759.805,200.0
2026-09-14 14:19:08.929071+00:00,SPY,759.805,100.0
2026-09-14 14:19:08.939067+00:00,SPY,759.805,100.0
2026-09-14 14:19:09.053151+00:00,SPY,759.805,200.0
2026-09-14 14:19:09.059048+00:00,SPY,759.805,100.0
2026-09-14 14:19:09.248055+00:00,SPY,759.805,100.0
2026-09-14 14:19:09.607885+00:00,SPY,759.815,40.0
2026-09-14 14:19:09.662024+00:00,SPY,759.815,40.0
2026-09-14 14:19:11.961991+00:00,SPY,759.845,80.0
2026-09-14 14:19:15.861806+00:00,SPY,759.83,40.0
2026-09-14 14:19:18.457794+00:00,SPY,759.83,1.0
2026-09-14 14:19:20.658203+00:00,SPY,759.815,4.0
2026-09-14 14:19:20.899322+00:00,SPY,759.81,19.0
2026-09-14 14:19:20.900311+00:00,SPY,759.81,3.0
2026-09-14 14:19:20.906804+00:00,SPY,759.81,6.0
2026-09-14 14:19:20.921993+00:00,SPY,759.82,6.0
2026-09-14 14:19:22.145825+00:00,SPY,759.85,5.0
2026-09-14 14:19:23.268030+00:00,SPY,759.87,40.0
2026-09-14 14:19:28.780308+00:00,SPY,759.89,65.0
2026-09-14 14:19:37.578048+00:00,SPY,759.86,80.0
2026-09-14 14:19:41.105929+00:00,SPY,759.85,39.0
2026-09-14 14:19:42.591386+00:00,SPY,759.84,1.0
2026-09-14 14:19:45.727921+00:00,SPY,759.79,80.0
2026-09-14 14:19:45.727942+00:00,SPY,759.79,65.0
2026-09-14 14:19:50.376762+00:00,SPY,759.785,100.0
2026-09-14 14:19:50.377342+00:00,SPY,759.785,100.0
2026-09-14 14:19:50.390186+00:00,SPY,759.785,100.0
2026-09-14 14:19:50.411501+00:00,SPY,759.785,100.0
2026-09-14 14:19:51.050076+00:00,SPY,759.785,100.0
2026-09-14 14:19:51.050680+00:00,SPY,759.785,100.0
2026-09-14 14:20:00.606131+00:00,SPY,759.845,40.0
2026-09-14 14:20:02.511322+00:00,SPY,759.78,80.0
2026-09-14 14:20:05.886771+00:00,SPY,759.74,40.0
2026-09-14 14:20:05.886774+00:00,SPY,759.74,20.0
2026-09-14 14:20:07.751948+00:00,SPY,759.765,80.0
2026-09-14 14:20:09.069972+00:00,SPY,759.725,40.0
2026-09-14 14:20:09.070315+00:00,SPY,759.725,28.0
2026-09-14 14:20:09.657031+00:00,SPY,759.705,100.0
2026-09-14 14:20:09.657088+00:00,SPY,759.705,42.0
2026-09-14 14:20:09.658823+00:00,SPY,759.7,200.0
2026-09-14 14:20:09.658847+00:00,SPY,759.7,65.0
2026-09-14 14:20:11.013354+00:00,SPY,759.67,40.0
2026-09-14 14:20:17.199339+00:00,SPY,759.62,2.0
2026-09-14 14:20:17.465405+00:00,SPY,759.65,40.0
2026-09-14 14:20:19.474867+00:00,SPY,759.64,79.0
2026-09-14 14:20:20.818536+00:00,SPY,759.635,20.0
2026-09-14 14:20:21.224797+00:00,SPY,759.65,1.0
2026-09-14 14:20:21.224797+00:00,SPY,759.65,80.0
2026-09-14 14:20:21.224800+00:00,SPY,759.65,40.0
2026-09-14 14:20:23.336136+00:00,SPY,759.66,40.0
2026-09-14 14:20:28.090854+00:00,SPY,759.72,65.0
2026-09-14 14:20:28.091689+00:00,SPY,759.73,25.0
2026-09-14 14:20:29.176747+00:00,SPY,759.73,40.0
2026-09-14 14:20:32.015841+00:00,SPY,759.73,40.0
2026-09-14 14:20:37.074320+00:00,SPY,759.74,55.0
2026-09-14 14:20:37.136539+00:00,SPY,759.74,40.0
2026-09-14 14:20:37.524023+00:00,SPY,759.71,5.0
2026-09-14 14:20:40.961824+00:00,SPY,759.66,40.0
2026-09-14 14:20:43.093795+00:00,SPY,759.645,121.0
2026-09-14 14:20:43.132046+00:00,SPY,759.645,79.0
2026-09-14 14:20:43.452353+00:00,SPY,759.655,40.0
2026-09-14 14:20:44.157634+00:00,SPY,759.65,18.0
2026-09-14 14:20:44.857970+00:00,SPY,759.65,40.0
2026-09-14 14:20:44.857970+00:00,SPY,759.65,22.0
2026-09-14 14:20:45.651947+00:00,SPY,759.65,40.0
2026-09-14 14:20:46.695406+00:00,SPY,759.65,20.0
2026-09-14 14:20:46.695409+00:00,SPY,759.65,20.0
2026-09-14 14:20:46.721998+00:00,SPY,759.63,4.0
2026-09-14 14:20:46.740898+00:00,SPY,759.63,36.0
2026-09-14 14:20:46.895870+00:00,SPY,759.63,40.0
2026-09-14 14:20:46.955371+00:00,SPY,759.63,40.0
2026-09-14 14:20:48.455458+00:00,SPY,759.63,200.0
2026-09-14 14:20:48.455476+00:00,SPY,759.63,300.0
2026-09-14 14:20:48.607829+00:00,SPY,759.625,100.0
2026-09-14 14:20:48.787403+00:00,SPY,759.63,400.0
2026-09-14 14:20:49.390321+00:00,SPY,759.635,35.0
2026-09-14 14:20:49.504591+00:00,SPY,759.64,11.0
2026-09-14 14:20:51.506833+00:00,SPY,759.6,40.0
2026-09-14 14:20:53.146958+00:00,SPY,759.59,40.0
2026-09-14 14:20:54.883479+00:00,SPY,759.54,2.0
2026-09-14 14:20:55.943252+00:00,SPY,759.54,40.0
2026-09-14 14:20:58.313617+00:00,SPY,759.57,100.0
2026-09-14 14:20:58.314240+00:00,SPY,759.57,100.0
2026-09-14 14:20:58.322426+00:00,SPY,759.57,100.0
2026-09-14 14:20:58.367314+00:00,SPY,759.57,100.0
2026-09-14 14:21:04.937361+00:00,SPY,759.535,100.0
2026-09-14 14:21:04.962023+00:00,SPY,759.535,100.0
2026-09-14 14:21:05.819416+00:00,SPY,759.53,80.0
2026-09-14 14:21:06.141482+00:00,SPY,759.52,40.0
2026-09-14 14:21:06.943743+00:00,SPY,759.485,40.0
2026-09-14 14:21:10.520259+00:00,SPY,759.53,80.0
2026-09-14 14:21:14.694694+00:00,SPY,759.48,40.0
2026-09-14 14:21:17.374940+00:00,SPY,759.435,40.0
2026-09-14 14:21:17.374940+00:00,SPY,759.435,40.0
2026-09-14 14:21:17.975904+00:00,SPY,759.46,40.0
2026-09-14 14:21:19.697533+00:00,SPY,759.455,40.0
2026-09-14 14:21:20.680692+00:00,SPY,759.44,10.0
2026-09-14 14:21:21.902928+00:00,SPY,759.47,40.0
2026-09-14 14:21:21.903248+00:00,SPY,759.47,40.0
2026-09-14 14:21:22.552808+00:00,SPY,759.46,65.0
2026-09-14 14:21:22.552808+00:00,SPY,759.46,175.0
2026-09-14 14:21:23.170500+00:00,SPY,759.47,100.0
2026-09-14 14:21:23.178048+00:00,SPY,759.47,100.0
2026-09-14 14:21:23.184002+00:00,SPY,759.47,200.0
2026-09-14 14:21:23.191745+00:00,SPY,759.47,200.0
2026-09-14 14:21:23.202989+00:00,SPY,759.48,100.0
2026-09-14 14:21:23.209392+00:00,SPY,759.48,100.0
2026-09-14 14:21:23.671129+00:00,SPY,759.445,400.0
2026-09-14 14:21:32.270964+00:00,SPY,759.49,56.0
2026-09-14 14:21:32.377280+00:00,SPY,759.5,40.0
2026-09-14 14:21:32.394174+00:00,SPY,759.5,40.0
2026-09-14 14:21:32.395137+00:00,SPY,759.5,40.0
2026-09-14 14:21:33.361615+00:00,SPY,759.58,40.0
2026-09-14 14:21:39.875891+00:00,SPY,759.475,9.0
2026-09-14 14:21:40.879192+00:00,SPY,759.45,40.0
2026-09-14 14:21:41.003497+00:00,SPY,759.45,65.0
2026-09-14 14:21:41.193481+00:00,SPY,759.44,130.0
2026-09-14 14:21:42.125392+00:00,SPY,759.4,7.0
2026-09-14 14:21:42.125419+00:00,SPY,759.4,33.0
2026-09-14 14:21:42.125419+00:00,SPY,759.4,65.0
2026-09-14 14:21:42.125542+00:00,SPY,759.4,80.0
2026-09-14 14:21:44.065610+00:00,SPY,759.35,40.0
2026-09-14 14:21:44.087150+00:00,SPY,759.35,65.0
2026-09-14 14:21:46.970890+00:00,SPY,759.29,65.0
2026-09-14 14:21:46.970890+00:00,SPY,759.29,55.0
2026-09-14 14:21:49.788273+00:00,SPY,759.315,4.0
2026-09-14 14:21:52.125181+00:00,SPY,759.3,40.0
2026-09-14 14:22:01.722831+00:00,SPY,759.31,65.0
2026-09-14 14:22:01.722841+00:00,SPY,759.31,80.0
2026-09-14 14:22:01.778464+00:00,SPY,759.29,65.0
2026-09-14 14:22:01.778486+00:00,SPY,759.29,15.0
2026-09-14 14:22:02.145289+00:00,SPY,759.28,60.0
2026-09-14 14:22:03.213873+00:00,SPY,759.305,6.0
2026-09-14 14:22:04.678199+00:00,SPY,759.34,40.0
2026-09-14 14:22:09.183648+00:00,SPY,759.24,80.0
2026-09-14 14:22:09.184454+00:00,SPY,759.24,80.0
2026-09-14 14:22:09.186400+00:00,SPY,759.24,65.0
2026-09-14 14:22:09.187536+00:00,SPY,759.24,30.0
2026-09-14 14:22:09.187813+00:00,SPY,759.24,35.0
2026-09-14 14:22:11.797703+00:00,SPY,759.26,100.0
2026-09-14 14:22:12.497333+00:00,SPY,759.265,40.0
2026-09-14 14:22:13.092923+00:00,SPY,759.28,40.0
2026-09-14 14:22:13.093468+00:00,SPY,759.28,40.0
2026-09-14 14:22:19.692953+00:00,SPY,759.27,65.0
2026-09-14 14:22:19.692974+00:00,SPY,759.27,15.0
2026-09-14 14:22:21.635664+00:00,SPY,759.27,40.0
2026-09-14 14:22:21.635664+00:00,SPY,759.27,65.0
2026-09-14 14:22:21.635664+00:00,SPY,759.27,55.0
2026-09-14 14:22:21.639023+00:00,SPY,759.27,59.0
2026-09-14 14:22:21.747697+00:00,SPY,759.29,40.0
2026-09-14 14:22:22.484336+00:00,SPY,759.27,40.0
2026-09-14 14:22:22.484375+00:00,SPY,759.27,60.0
2026-09-14 14:22:22.491499+00:00,SPY,759.28,5.0
2026-09-14 14:22:22.607179+00:00,SPY,759.28,60.0
2026-09-14 14:22:22.607179+00:00,SPY,759.28,60.0
2026-09-14 14:22:23.252893+00:00,SPY,759.25,2.0
2026-09-14 14:22:24.586301+00:00,SPY,759.21,65.0
2026-09-14 14:22:24.586340+00:00,SPY,759.21,40.0
2026-09-14 14:22:24.934813+00:00,SPY,759.22,280.0
2026-09-14 14:22:24.964021+00:00,SPY,759.22,40.0
2026-09-14 14:22:25.837628+00:00,SPY,759.21,65.0
2026-09-14 14:22:26.076005+00:00,SPY,759.22,7.0
2026-09-14 14:22:26.076005+00:00,SPY,759.23,33.0
2026-09-14 14:22:26.102354+00:00,SPY,759.22,19.0
2026-09-14 14:22:27.107507+00:00,SPY,759.22,67.0
2026-09-14 14:22:27.107507+00:00,SPY,759.22,53.0
2026-09-14 14:22:28.455479+00:00,SPY,759.2,40.0
2026-09-14 14:22:28.455479+00:00,SPY,759.2,40.0
2026-09-14 14:22:28.518058+00:00,SPY,759.21,40.0
2026-09-14 14:22:29.756022+00:00,SPY,759.18,40.0
2026-09-14 14:22:32.833821+00:00,SPY,759.19,100.0
2026-09-14 14:22:35.063426+00:00,SPY,759.21,560.0
2026-09-14 14:22:35.174379+00:00,SPY,759.205,200.0
2026-09-14 14:22:35.858805+00:00,SPY,759.205,200.0
2026-09-14 14:22:35.865044+00:00,SPY,759.205,200.0
2026-09-14 14:22:35.890693+00:00,SPY,759.205,520.0
2026-09-14 14:22:36.103763+00:00,SPY,759.21,40.0
2026-09-14 14:22:36.359287+00:00,SPY,759.21,440.0
2026-09-14 14:22:36.492451+00:00,SPY,759.21,280.0
2026-09-14 14:22:36.516370+00:00,SPY,759.21,40.0
2026-09-14 14:22:36.792826+00:00,SPY,759.22,40.0
2026-09-14 14:22:36.864611+00:00,SPY,759.23,200.0
2026-09-14 14:22:36.869744+00:00,SPY,759.23,200.0
2026-09-14 14:22:36.874814+00:00,SPY,759.23,200.0
2026-09-14 14:22:39.041025+00:00,SPY,759.27,40.0
2026-09-14 14:22:40.792729+00:00,SPY,759.25,38.0
2026-09-14 14:22:40.794127+00:00,SPY,759.25,2.0
2026-09-14 14:22:40.825976+00:00,SPY,759.25,20.0
2026-09-14 14:22:40.837181+00:00,SPY,759.25,9.0
2026-09-14 14:22:41.501022+00:00,SPY,759.24,95.0
2026-09-14 14:22:41.501735+00:00,SPY,759.23,80.0
2026-09-14 14:22:41.501751+00:00,SPY,759.23,65.0
2026-09-14 14:22:41.597908+00:00,SPY,759.26,65.0
2026-09-14 14:22:41.597911+00:00,SPY,759.26,15.0
2026-09-14 14:22:41.676882+00:00,SPY,759.25,40.0
2026-09-14 14:22:41.689940+00:00,SPY,759.22,40.0
2026-09-14 14:22:41.969150+00:00,SPY,759.25,40.0
2026-09-14 14:22:41.969153+00:00,SPY,759.25,120.0
2026-09-14 14:22:41.969153+00:00,SPY,759.25,40.0
2026-09-14 14:22:48.800769+00:00,SPY,759.2,40.0
2026-09-14 14:22:50.083377+00:00,SPY,759.205,6.0
2026-09-14 14:22:50.088967+00:00,SPY,759.205,43.0
2026-09-14 14:22:50.443120+00:00,SPY,759.21,100.0
2026-09-14 14:22:51.023773+00:00,SPY,759.21,65.0
2026-09-14 14:22:53.404992+00:00,SPY,759.25,40.0
2026-09-14 14:22:53.618294+00:00,SPY,759.25,40.0
2026-09-14 14:22:53.750324+00:00,SPY,759.24,40.0
2026-09-14 14:22:53.964610+00:00,SPY,759.23,40.0
2026-09-14 14:22:54.005487+00:00,SPY,759.23,40.0
2026-09-14 14:22:54.983539+00:00,SPY,759.235,40.0
2026-09-14 14:22:55.559739+00:00,SPY,759.235,100.0
2026-09-14 14:22:55.566322+00:00,SPY,759.235,100.0
2026-09-14 14:22:55.674827+00:00,SPY,759.25,40.0
2026-09-14 14:22:55.976381+00:00,SPY,759.25,40.0
2026-09-14 14:22:56.580777+00:00,SPY,759.26,40.0
2026-09-14 14:22:57.291888+00:00,SPY,759.26,62.0
2026-09-14 14:22:58.010364+00:00,SPY,759.275,40.0
2026-09-14 14:22:58.750112+00:00,SPY,759.29,40.0
2026-09-14 14:22:59.278366+00:00,SPY,759.3,100.0
2026-09-14 14:22:59.441469+00:00,SPY,759.295,40.0
2026-09-14 14:23:00.361799+00:00,SPY,759.35,100.0
2026-09-14 14:23:00.377562+00:00,SPY,759.35,20.0
2026-09-14 14:23:00.390677+00:00,SPY,759.36,40.0
2026-09-14 14:23:00.390698+00:00,SPY,759.36,40.0
2026-09-14 14:23:00.889601+00:00,SPY,759.38,40.0
2026-09-14 14:23:01.168626+00:00,SPY,759.37,40.0
2026-09-14 14:23:02.575436+00:00,SPY,759.3,40.0
2026-09-14 14:23:03.025912+00:00,SPY,759.32,80.0
2026-09-14 14:23:05.590268+00:00,SPY,759.33,20.0
2026-09-14 14:23:06.610226+00:00,SPY,759.33,100.0
2026-09-14 14:23:08.391938+00:00,SPY,759.305,320.0
2026-09-14 14:23:08.896366+00:00,SPY,759.29,100.0
2026-09-14 14:23:09.313438+00:00,SPY,759.29,100.0
2026-09-14 14:23:10.961779+00:00,SPY,759.27,57.0
2026-09-14 14:23:10.963313+00:00,SPY,759.27,65.0
2026-09-14 14:23:11.363989+00:00,SPY,759.255,40.0
2026-09-14 14:23:11.437317+00:00,SPY,759.25,40.0
2026-09-14 14:23:12.651881+00:00,SPY,759.26,40.0
2026-09-14 14:23:16.932673+00:00,SPY,759.245,8.0
2026-09-14 14:23:17.368654+00:00,SPY,759.24,60.0
2026-09-14 14:23:18.243578+00:00,SPY,759.22,100.0
2026-09-14 14:23:18.246580+00:00,SPY,759.23,40.0
2026-09-14 14:23:19.563394+00:00,SPY,759.26,40.0
2026-09-14 14:23:19.564071+00:00,SPY,759.26,40.0
2026-09-14 14:23:19.568326+00:00,SPY,759.26,40.0
2026-09-14 14:23:20.070134+00:00,SPY,759.25,100.0
2026-09-14 14:23:20.077090+00:00,SPY,759.25,100.0
2026-09-14 14:23:20.099623+00:00,SPY,759.25,200.0
2026-09-14 14:23:20.119266+00:00,SPY,759.25,10.0
2026-09-14 14:23:20.119308+00:00,SPY,759.25,190.0
2026-09-14 14:23:20.127069+00:00,SPY,759.25,200.0
2026-09-14 14:23:20.134386+00:00,SPY,759.25,100.0
2026-09-14 14:23:20.143516+00:00,SPY,759.25,200.0
2026-09-14 14:23:21.033665+00:00,SPY,759.24,80.0
2026-09-14 14:23:22.644609+00:00,SPY,759.225,40.0
2026-09-14 14:23:23.221305+00:00,SPY,759.22,40.0
2026-09-14 14:23:23.557665+00:00,SPY,759.235,40.0
2026-09-14 14:23:23.561225+00:00,SPY,759.235,80.0
2026-09-14 14:23:23.565015+00:00,SPY,759.235,80.0
2026-09-14 14:23:25.954157+00:00,SPY,759.24,40.0
2026-09-14 14:23:26.725475+00:00,SPY,759.25,40.0
2026-09-14 14:23:27.342521+00:00,SPY,759.25,40.0
2026-09-14 14:23:27.490297+00:00,SPY,759.25,40.0
2026-09-14 14:23:28.215100+00:00,SPY,759.235,4.0
2026-09-14 14:23:30.889807+00:00,SPY,759.25,40.0
2026-09-14 14:23:30.889849+00:00,SPY,759.26,40.0
2026-09-14 14:23:33.506668+00:00,SPY,759.215,9.0
2026-09-14 14:23:33.512057+00:00,SPY,759.22,31.0
2026-09-14 14:23:36.808373+00:00,SPY,759.215,500.0
2026-09-14 14:23:37.247590+00:00,SPY,759.215,500.0
2026-09-14 14:23:37.794692+00:00,SPY,759.19,500.0
2026-09-14 14:23:38.823819+00:00,SPY,759.19,200.0
2026-09-14 14:23:38.996043+00:00,SPY,759.2,40.0
2026-09-14 14:23:45.397343+00:00,SPY,759.225,500.0
2026-09-14 14:23:46.006913+00:00,SPY,759.21,480.0
2026-09-14 14:23:48.516929+00:00,SPY,759.22,40.0
2026-09-14 14:23:49.404189+00:00,SPY,759.205,500.0
2026-09-14 14:23:49.900582+00:00,SPY,759.205,500.0
2026-09-14 14:23:50.012704+00:00,SPY,759.195,340.0
2026-09-14 14:23:50.332942+00:00,SPY,759.18,500.0
2026-09-14 14:23:50.525420+00:00,SPY,759.18,500.0
2026-09-14 14:23:51.031390+00:00,SPY,759.175,500.0
2026-09-14 14:23:51.666002+00:00,SPY,759.19,40.0
2026-09-14 14:23:52.201051+00:00,SPY,759.18,40.0
2026-09-14 14:23:52.355052+00:00,SPY,759.18,40.0
2026-09-14 14:23:52.784676+00:00,SPY,759.18,40.0
2026-09-14 14:23:53.560111+00:00,SPY,759.22,100.0
2026-09-14 14:23:53.560114+00:00,SPY,759.22,30.0
2026-09-14 14:23:55.061744+00:00,SPY,759.22,40.0
2026-09-14 14:23:55.061747+00:00,SPY,759.22,60.0
2026-09-14 14:23:55.087251+00:00,SPY,759.22,340.0
2026-09-14 14:23:55.488523+00:00,SPY,759.24,80.0
2026-09-14 14:23:58.865801+00:00,SPY,759.21,11.0
2026-09-14 14:23:58.924682+00:00,SPY,759.21,20.0
2026-09-14 14:23:58.979695+00:00,SPY,759.22,40.0
2026-09-14 14:23:59.885233+00:00,SPY,759.24,80.0
2026-09-14 14:23:59.887584+00:00,SPY,759.24,20.0
2026-09-14 14:24:00.123389+00:00,SPY,759.25,100.0
2026-09-14 14:24:01.409648+00:00,SPY,759.25,18.0
2026-09-14 14:24:01.799736+00:00,SPY,759.245,21.0
2026-09-14 14:24:02.905519+00:00,SPY,759.175,100.0
2026-09-14 14:24:03.336472+00:00,SPY,759.17,28.0
2026-09-14 14:24:03.788767+00:00,SPY,759.11,20.0
2026-09-14 14:24:03.802483+00:00,SPY,759.11,200.0
2026-09-14 14:24:04.244184+00:00,SPY,759.07,40.0
2026-09-14 14:24:04.571570+00:00,SPY,759.08,40.0
2026-09-14 14:24:04.677510+00:00,SPY,759.105,100.0
2026-09-14 14:24:04.972938+00:00,SPY,759.09,5.0
2026-09-14 14:24:06.614125+00:00,SPY,759.09,80.0
2026-09-14 14:24:06.643857+00:00,SPY,759.08,161.0
2026-09-14 14:24:06.644775+00:00,SPY,759.08,120.0
2026-09-14 14:24:06.746742+00:00,SPY,759.065,80.0
2026-09-14 14:24:06.751824+00:00,SPY,759.065,80.0
2026-09-14 14:24:07.244879+00:00,SPY,759.07,100.0
2026-09-14 14:24:08.648803+00:00,SPY,759.06,40.0
2026-09-14 14:24:08.650562+00:00,SPY,759.05,40.0
2026-09-14 14:24:08.684840+00:00,SPY,759.0,40.0
2026-09-14 14:24:08.685424+00:00,SPY,759.0,15.0
2026-09-14 14:24:08.744271+00:00,SPY,758.97,40.0
2026-09-14 14:24:08.744310+00:00,SPY,758.97,80.0
2026-09-14 14:24:10.058521+00:00,SPY,758.99,80.0
2026-09-14 14:24:10.058521+00:00,SPY,758.99,65.0
2026-09-14 14:24:10.058524+00:00,SPY,758.99,80.0
2026-09-14 14:24:10.058524+00:00,SPY,758.99,15.0
2026-09-14 14:24:10.060367+00:00,SPY,758.99,80.0
2026-09-14 14:24:10.841792+00:00,SPY,758.98,77.0
2026-09-14 14:24:11.884812+00:00,SPY,758.99,100.0
2026-09-14 14:24:12.664186+00:00,SPY,758.985,2.0
2026-09-14 14:24:13.947041+00:00,SPY,759.01,80.0
2026-09-14 14:24:14.396187+00:00,SPY,758.995,4.0
2026-09-14 14:24:14.735780+00:00,SPY,759.01,80.0
2026-09-14 14:24:14.735782+00:00,SPY,759.01,40.0
2026-09-14 14:24:14.735782+00:00,SPY,759.01,65.0
2026-09-14 14:24:14.735785+00:00,SPY,759.01,55.0
2026-09-14 14:24:14.911302+00:00,SPY,759.035,30.0
2026-09-14 14:24:15.125339+00:00,SPY,759.035,1.0
2026-09-14 14:24:15.525062+00:00,SPY,759.035,9.0
2026-09-14 14:24:15.529356+00:00,SPY,759.04,100.0
2026-09-14 14:24:15.529435+00:00,SPY,759.04,200.0
2026-09-14 14:24:15.538697+00:00,SPY,759.05,40.0
2026-09-14 14:24:15.538697+00:00,SPY,759.05,65.0
2026-09-14 14:24:15.538700+00:00,SPY,759.05,15.0
2026-09-14 14:24:15.985143+00:00,SPY,759.04,420.0
2026-09-14 14:24:15.999304+00:00,SPY,759.05,65.0
2026-09-14 14:24:15.999304+00:00,SPY,759.05,75.0
2026-09-14 14:24:16.296446+00:00,SPY,759.025,40.0
2026-09-14 14:24:17.054692+00:00,SPY,759.03,1.0
2026-09-14 14:24:17.548658+00:00,SPY,758.98,80.0
2026-09-14 14:24:17.716588+00:00,SPY,759.0,80.0
2026-09-14 14:24:19.060530+00:00,SPY,758.97,80.0
2026-09-14 14:24:19.060578+00:00,SPY,758.97,20.0
2026-09-14 14:24:19.060578+00:00,SPY,758.98,40.0
2026-09-14 14:24:19.060581+00:00,SPY,758.98,20.0
2026-09-14 14:24:19.120677+00:00,SPY,758.98,80.0
2026-09-14 14:24:19.253128+00:00,SPY,758.98,1.0
2026-09-14 14:24:19.285976+00:00,SPY,758.98,40.0
2026-09-14 14:24:19.286177+00:00,SPY,758.99,40.0
2026-09-14 14:24:20.770678+00:00,SPY,758.98,40.0
2026-09-14 14:24:20.770678+00:00,SPY,758.98,40.0
2026-09-14 14:24:20.774539+00:00,SPY,758.99,40.0
2026-09-14 14:24:20.793908+00:00,SPY,758.99,40.0
2026-09-14 14:24:21.043941+00:00,SPY,759.01,40.0
2026-09-14 14:24:21.043989+00:00,SPY,759.01,60.0
2026-09-14 14:24:21.317305+00:00,SPY,759.01,40.0
2026-09-14 14:24:22.478294+00:00,SPY,759.02,40.0
2026-09-14 14:24:22.478495+00:00,SPY,759.02,40.0
2026-09-14 14:24:22.502583+00:00,SPY,759.01,40.0
2026-09-14 14:24:22.620964+00:00,SPY,759.01,40.0
2026-09-14 14:24:23.134828+00:00,SPY,759.02,80.0
2026-09-14 14:24:23.516863+00:00,SPY,759.02,5.0
2026-09-14 14:24:23.678120+00:00,SPY,759.025,280.0
2026-09-14 14:24:25.122743+00:00,SPY,759.06,80.0
2026-09-14 14:24:25.173531+00:00,SPY,759.05,10.0
2026-09-14 14:24:25.181675+00:00,SPY,759.05,200.0
2026-09-14 14:24:25.970942+00:00,SPY,759.06,10.0
2026-09-14 14:24:27.355109+00:00,SPY,759.02,40.0
2026-09-14 14:24:29.212819+00:00,SPY,759.06,20.0
2026-09-14 14:24:29.212831+00:00,SPY,759.06,20.0
2026-09-14 14:24:29.221014+00:00,SPY,759.08,40.0
2026-09-14 14:24:30.164475+00:00,SPY,759.055,40.0
2026-09-14 14:24:30.926964+00:00,SPY,759.02,10.0
2026-09-14 14:24:30.975869+00:00,SPY,759.02,30.0
2026-09-14 14:24:32.360664+00:00,SPY,759.035,200.0
2026-09-14 14:24:32.484933+00:00,SPY,759.03,40.0
2026-09-14 14:24:32.829075+00:00,SPY,759.06,40.0
2026-09-14 14:24:32.927286+00:00,SPY,759.03,40.0
2026-09-14 14:24:33.426773+00:00,SPY,759.055,40.0
2026-09-14 14:24:39.105610+00:00,SPY,759.04,40.0
2026-09-14 14:24:39.424324+00:00,SPY,759.07,20.0
2026-09-14 14:24:39.424324+00:00,SPY,759.07,65.0
2026-09-14 14:24:39.424329+00:00,SPY,759.07,15.0
2026-09-14 14:24:39.424963+00:00,SPY,759.055,440.0
2026-09-14 14:24:44.103124+00:00,SPY,758.99,20.0
2026-09-14 14:24:44.103124+00:00,SPY,759.0,40.0
2026-09-14 14:24:44.428588+00:00,SPY,758.99,40.0
2026-09-14 14:24:44.431989+00:00,SPY,759.0,80.0
2026-09-14 14:24:44.466999+00:00,SPY,759.0,80.0
2026-09-14 14:24:44.545706+00:00,SPY,758.98,40.0
2026-09-14 14:24:45.080058+00:00,SPY,758.97,80.0
2026-09-14 14:24:45.118093+00:00,SPY,758.97,20.0
2026-09-14 14:24:46.596976+00:00,SPY,758.925,40.0
2026-09-14 14:24:47.538919+00:00,SPY,758.94,17.0
2026-09-14 14:24:47.538922+00:00,SPY,758.94,23.0
2026-09-14 14:24:49.372376+00:00,SPY,758.89,40.0
2026-09-14 14:24:49.860875+00:00,SPY,758.89,40.0
2026-09-14 14:24:49.860875+00:00,SPY,758.89,40.0
2026-09-14 14:24:52.561059+00:00,SPY,758.89,100.0
2026-09-14 14:24:52.561072+00:00,SPY,758.89,40.0
2026-09-14 14:24:53.418911+00:00,SPY,758.91,60.0
2026-09-14 14:24:53.424021+00:00,SPY,758.91,40.0
2026-09-14 14:24:53.434275+00:00,SPY,758.92,30.0
2026-09-14 14:24:53.434278+00:00,SPY,758.92,43.0
2026-09-14 14:24:54.592374+00:00,SPY,758.92,80.0
2026-09-14 14:24:54.592374+00:00,SPY,758.92,63.0
2026-09-14 14:24:54.593932+00:00,SPY,758.92,40.0
2026-09-14 14:24:58.224444+00:00,SPY,758.85,65.0
2026-09-14 14:24:58.613282+00:00,SPY,758.85,35.0
2026-09-14 14:24:59.332675+00:00,SPY,758.85,40.0
2026-09-14 14:25:00.274900+00:00,SPY,758.83,200.0
2026-09-14 14:25:00.275435+00:00,SPY,758.83,100.0
2026-09-14 14:25:00.479166+00:00,SPY,758.81,65.0
2026-09-14 14:25:00.479166+00:00,SPY,758.81,31.0
2026-09-14 14:25:01.226769+00:00,SPY,758.84,29.0
2026-09-14 14:25:01.822630+00:00,SPY,758.84,40.0
2026-09-14 14:25:01.822630+00:00,SPY,758.84,80.0
2026-09-14 14:25:01.822922+00:00,SPY,758.84,20.0
2026-09-14 14:25:02.098358+00:00,SPY,758.86,40.0
2026-09-14 14:25:02.099690+00:00,SPY,758.85,2.0
2026-09-14 14:25:02.099709+00:00,SPY,758.85,38.0
2026-09-14 14:25:07.624368+00:00,SPY,758.8,40.0
2026-09-14 14:25:07.667463+00:00,SPY,758.81,40.0
2026-09-14 14:25:07.667463+00:00,SPY,758.81,40.0
2026-09-14 14:25:07.913360+00:00,SPY,758.81,40.0
2026-09-14 14:25:07.922745+00:00,SPY,758.82,80.0
2026-09-14 14:25:08.320833+00:00,SPY,758.825,40.0
2026-09-14 14:25:08.963964+00:00,SPY,758.835,80.0
2026-09-14 14:25:10.120499+00:00,SPY,758.82,200.0
2026-09-14 14:25:10.126038+00:00,SPY,758.82,80.0
2026-09-14 14:25:10.126733+00:00,SPY,758.82,120.0
2026-09-14 14:25:10.909718+00:00,SPY,758.795,1.0
2026-09-14 14:25:10.909739+00:00,SPY,758.8,39.0
2026-09-14 14:25:10.987848+00:00,SPY,758.83,80.0
2026-09-14 14:25:11.039544+00:00,SPY,758.85,21.0
2026-09-14 14:25:11.039574+00:00,SPY,758.85,80.0
2026-09-14 14:25:11.039595+00:00,SPY,758.85,80.0
2026-09-14 14:25:11.040356+00:00,SPY,758.85,120.0
2026-09-14 14:25:11.042031+00:00,SPY,758.85,59.0
2026-09-14 14:25:11.042371+00:00,SPY,758.85,21.0
2026-09-14 14:25:11.042389+00:00,SPY,758.85,40.0
2026-09-14 14:25:11.043893+00:00,SPY,758.85,80.0
2026-09-14 14:25:11.043914+00:00,SPY,758.85,200.0
2026-09-14 14:25:11.370575+00:00,SPY,758.84,40.0
2026-09-14 14:25:12.571017+00:00,SPY,758.85,100.0
2026-09-14 14:25:16.478365+00:00,SPY,758.81,100.0
2026-09-14 14:25:16.867170+00:00,SPY,758.81,80.0
2026-09-14 14:25:16.869248+00:00,SPY,758.82,15.0
2026-09-14 14:25:26.034673+00:00,SPY,758.82,80.0
2026-09-14 14:25:31.993806+00:00,SPY,758.76,40.0
2026-09-14 14:25:34.023277+00:00,SPY,758.725,40.0
2026-09-14 14:25:36.476545+00:00,SPY,758.765,40.0
2026-09-14 14:25:36.477462+00:00,SPY,758.765,60.0
2026-09-14 14:25:38.471100+00:00,SPY,758.78,40.0
2026-09-14 14:25:42.525412+00:00,SPY,758.81,55.0
2026-09-14 14:25:42.527580+00:00,SPY,758.81,10.0
2026-09-14 14:25:42.527589+00:00,SPY,758.81,80.0
2026-09-14 14:25:45.115753+00:00,SPY,758.775,31.0
2026-09-14 14:25:46.838792+00:00,SPY,758.73,2.0
2026-09-14 14:25:52.329415+00:00,SPY,758.63,80.0
2026-09-14 14:25:52.330095+00:00,SPY,758.63,20.0
2026-09-14 14:25:53.033207+00:00,SPY,758.64,80.0
2026-09-14 14:25:53.037207+00:00,SPY,758.65,80.0
2026-09-14 14:25:53.339747+00:00,SPY,758.65,40.0
2026-09-14 14:25:56.640216+00:00,SPY,758.61,40.0
2026-09-14 14:26:00.994383+00:00,SPY,758.65,80.0
2026-09-14 14:26:02.562943+00:00,SPY,758.61,100.0
2026-09-14 14:26:02.562983+00:00,SPY,758.61,40.0
2026-09-14 14:26:03.112963+00:00,SPY,758.63,40.0
2026-09-14 14:26:03.112963+00:00,SPY,758.63,65.0
2026-09-14 14:26:03.112963+00:00,SPY,758.63,55.0
2026-09-14 14:26:03.529776+00:00,SPY,758.59,120.0
2026-09-14 14:26:03.529806+00:00,SPY,758.59,240.0
2026-09-14 14:26:03.978803+00:00,SPY,758.59,80.0
2026-09-14 14:26:03.981683+00:00,SPY,758.59,20.0
2026-09-14 14:26:04.417012+00:00,SPY,758.62,200.0
2026-09-14 14:26:04.417012+00:00,SPY,758.63,60.0
2026-09-14 14:26:06.106735+00:00,SPY,758.51,80.0
2026-09-14 14:26:06.107969+00:00,SPY,758.51,9.0
2026-09-14 14:26:06.156630+00:00,SPY,758.51,26.0
2026-09-14 14:26:07.095205+00:00,SPY,758.56,40.0
2026-09-14 14:26:07.231138+00:00,SPY,758.55,40.0
2026-09-14 14:26:08.461812+00:00,SPY,758.53,80.0
2026-09-14 14:26:08.461938+00:00,SPY,758.53,20.0
2026-09-14 14:26:08.464660+00:00,SPY,758.54,100.0
2026-09-14 14:26:08.846181+00:00,SPY,758.53,40.0
2026-09-14 14:26:10.977650+00:00,SPY,758.5,40.0
2026-09-14 14:26:11.262969+00:00,SPY,758.5,40.0
2026-09-14 14:26:11.262971+00:00,SPY,758.5,40.0
2026-09-14 14:26:12.854309+00:00,SPY,758.46,80.0
2026-09-14 14:26:16.551169+00:00,SPY,758.44,40.0
2026-09-14 14:26:17.179970+00:00,SPY,758.43,80.0
2026-09-14 14:26:18.536002+00:00,SPY,758.45,100.0
2026-09-14 14:26:18.609708+00:00,SPY,758.48,80.0
2026-09-14 14:26:18.609708+00:00,SPY,758.48,40.0
2026-09-14 14:26:18.609711+00:00,SPY,758.48,40.0
2026-09-14 14:26:21.077136+00:00,SPY,758.4,65.0
2026-09-14 14:26:21.077157+00:00,SPY,758.4,160.0
2026-09-14 14:26:23.688714+00:00,SPY,758.36,40.0
2026-09-14 14:26:23.930566+00:00,SPY,758.38,65.0
2026-09-14 14:26:23.930569+00:00,SPY,758.38,15.0
2026-09-14 14:26:24.758110+00:00,SPY,758.355,40.0
2026-09-14 14:26:24.767958+00:00,SPY,758.355,40.0
2026-09-14 14:26:25.101190+00:00,SPY,758.35,40.0
2026-09-14 14:26:25.101190+00:00,SPY,758.35,80.0
2026-09-14 14:26:31.861892+00:00,SPY,758.38,19.0
2026-09-14 14:26:32.770681+00:00,SPY,758.36,40.0
2026-09-14 14:26:33.290288+00:00,SPY,758.35,13.0
2026-09-14 14:26:35.242151+00:00,SPY,758.325,40.0
2026-09-14 14:26:35.242154+00:00,SPY,758.325,4.0
2026-09-14 14:26:36.387640+00:00,SPY,758.265,40.0
2026-09-14 14:26:37.570680+00:00,SPY,758.26,80.0
2026-09-14 14:26:37.968729+00:00,SPY,758.26,40.0
2026-09-14 14:26:38.145668+00:00,SPY,758.25,40.0
2026-09-14 14:26:38.174757+00:00,SPY,758.28,40.0
2026-09-14 14:26:38.174757+00:00,SPY,758.28,20.0
2026-09-14 14:26:38.174796+00:00,SPY,758.28,20.0
2026-09-14 14:26:38.174799+00:00,SPY,758.28,20.0
2026-09-14 14:26:44.091681+00:00,SPY,758.27,40.0
2026-09-14 14:26:44.091684+00:00,SPY,758.27,45.0
2026-09-14 14:26:48.816928+00:00,SPY,758.29,40.0
2026-09-14 14:26:49.540365+00:00,SPY,758.29,40.0
2026-09-14 14:26:51.737265+00:00,SPY,758.28,100.0
2026-09-14 14:26:54.108430+00:00,SPY,758.28,40.0
2026-09-14 14:26:54.108452+00:00,SPY,758.28,25.0
2026-09-14 14:26:54.797321+00:00,SPY,758.27,100.0
2026-09-14 14:26:55.287318+00:00,SPY,758.29,1.0
2026-09-14 14:26:56.090000+00:00,SPY,758.32,100.0
2026-09-14 14:26:56.618627+00:00,SPY,758.33,80.0
2026-09-14 14:26:57.960506+00:00,SPY,758.375,40.0
2026-09-14 14:26:57.960530+00:00,SPY,758.375,40.0
2026-09-14 14:26:57.960960+00:00,SPY,758.375,20.0
2026-09-14 14:26:57.961005+00:00,SPY,758.38,20.0
2026-09-14 14:26:57.961026+00:00,SPY,758.38,20.0
2026-09-14 14:26:58.225370+00:00,SPY,758.4,40.0
2026-09-14 14:26:58.929660+00:00,SPY,758.42,40.0
2026-09-14 14:26:59.417323+00:00,SPY,758.41,29.0
2026-09-14 14:27:00.110006+00:00,SPY,758.37,40.0
2026-09-14 14:27:04.330378+00:00,SPY,758.38,100.0
2026-09-14 14:27:09.800344+00:00,SPY,758.425,40.0
2026-09-14 14:27:09.975212+00:00,SPY,758.43,40.0
2026-09-14 14:27:10.386901+00:00,SPY,758.445,20.0
2026-09-14 14:27:17.671915+00:00,SPY,758.405,40.0
2026-09-14 14:27:17.993797+00:00,SPY,758.415,80.0
2026-09-14 14:27:19.907952+00:00,SPY,758.45,40.0
2026-09-14 14:27:20.116299+00:00,SPY,758.45,40.0
2026-09-14 14:27:20.928611+00:00,SPY,758.475,4.0
2026-09-14 14:27:20.928614+00:00,SPY,758.475,1.0
2026-09-14 14:27:21.103749+00:00,SPY,758.475,62.0
2026-09-14 14:27:21.182092+00:00,SPY,758.465,100.0
2026-09-14 14:27:21.347986+00:00,SPY,758.46,40.0
2026-09-14 14:27:22.175764+00:00,SPY,758.4,255.0
2026-09-14 14:27:22.175764+00:00,SPY,758.4,200.0
2026-09-14 14:27:22.175776+00:00,SPY,758.4,265.0
2026-09-14 14:27:22.175779+00:00,SPY,758.4,175.0
2026-09-14 14:27:22.372040+00:00,SPY,758.41,80.0
2026-09-14 14:27:22.604699+00:00,SPY,758.38,65.0
2026-09-14 14:27:22.610657+00:00,SPY,758.37,19.0
2026-09-14 14:27:22.640689+00:00,SPY,758.36,160.0
2026-09-14 14:27:22.642608+00:00,SPY,758.37,80.0
2026-09-14 14:27:22.642608+00:00,SPY,758.37,20.0
2026-09-14 14:27:22.644292+00:00,SPY,758.37,41.0
2026-09-14 14:27:22.644292+00:00,SPY,758.37,119.0
2026-09-14 14:27:22.856054+00:00,SPY,758.37,80.0
2026-09-14 14:27:23.809424+00:00,SPY,758.33,19.0
2026-09-14 14:27:23.813709+00:00,SPY,758.33,25.0
2026-09-14 14:27:24.207837+00:00,SPY,758.365,100.0
2026-09-14 14:27:24.207876+00:00,SPY,758.365,40.0
2026-09-14 14:27:25.349008+00:00,SPY,758.4,287.0
2026-09-14 14:27:25.349726+00:00,SPY,758.4,359.0
2026-09-14 14:27:25.971849+00:00,SPY,758.4,74.0
2026-09-14 14:27:26.735860+00:00,SPY,758.415,120.0
2026-09-14 14:27:29.257119+00:00,SPY,758.4,4.0
2026-09-14 14:27:31.312308+00:00,SPY,758.35,120.0
2026-09-14 14:27:35.727581+00:00,SPY,758.42,21.0
2026-09-14 14:27:37.417611+00:00,SPY,758.46,40.0
2026-09-14 14:27:38.520690+00:00,SPY,758.465,40.0
2026-09-14 14:27:38.682161+00:00,SPY,758.48,40.0
2026-09-14 14:27:48.330558+00:00,SPY,758.45,80.0
2026-09-14 14:27:48.331505+00:00,SPY,758.45,80.0
2026-09-14 14:27:48.403452+00:00,SPY,758.45,65.0
2026-09-14 14:27:48.403500+00:00,SPY,758.45,35.0
2026-09-14 14:27:48.866052+00:00,SPY,758.46,40.0
2026-09-14 14:27:51.161440+00:00,SPY,758.505,40.0
2026-09-14 14:27:51.239702+00:00,SPY,758.505,40.0
2026-09-14 14:27:53.768206+00:00,SPY,758.485,840.0
2026-09-14 14:27:54.194222+00:00,SPY,758.52,100.0
2026-09-14 14:27:57.791072+00:00,SPY,758.52,40.0
2026-09-14 14:27:58.049274+00:00,SPY,758.52,60.0
2026-09-14 14:27:59.056560+00:00,SPY,758.525,800.0
2026-09-14 14:27:59.057673+00:00,SPY,758.525,160.0
2026-09-14 14:27:59.057681+00:00,SPY,758.53,100.0
2026-09-14 14:27:59.058884+00:00,SPY,758.53,160.0
2026-09-14 14:27:59.063043+00:00,SPY,758.56,40.0
2026-09-14 14:27:59.067040+00:00,SPY,758.555,65.0
2026-09-14 14:28:01.340733+00:00,SPY,758.545,40.0
2026-09-14 14:28:01.366833+00:00,SPY,758.545,40.0
2026-09-14 14:28:01.391922+00:00,SPY,758.545,100.0
2026-09-14 14:28:01.391925+00:00,SPY,758.545,4.0
2026-09-14 14:28:02.321504+00:00,SPY,758.53,40.0
2026-09-14 14:28:02.399718+00:00,SPY,758.54,40.0
2026-09-14 14:28:07.757231+00:00,SPY,758.59,40.0
2026-09-14 14:28:08.686934+00:00,SPY,758.575,40.0
2026-09-14 14:28:11.035377+00:00,SPY,758.595,14.0
2026-09-14 14:28:11.195660+00:00,SPY,758.6,10.0
2026-09-14 14:28:11.195663+00:00,SPY,758.6,5.0
2026-09-14 14:28:11.584832+00:00,SPY,758.56,8.0
2026-09-14 14:28:13.202821+00:00,SPY,758.56,100.0
2026-09-14 14:28:15.039677+00:00,SPY,758.61,100.0
2026-09-14 14:28:16.205726+00:00,SPY,758.62,100.0
2026-09-14 14:28:17.169050+00:00,SPY,758.63,2.0
2026-09-14 14:28:20.875873+00:00,SPY,758.605,2.0
2026-09-14 14:28:21.550354+00:00,SPY,758.64,40.0
2026-09-14 14:28:24.554010+00:00,SPY,758.645,500.0
2026-09-14 14:28:24.554201+00:00,SPY,758.65,31.0
2026-09-14 14:28:24.781597+00:00,SPY,758.665,149.0
2026-09-14 14:28:24.788637+00:00,SPY,758.665,49.0
2026-09-14 14:28:26.455869+00:00,SPY,758.65,3.0
2026-09-14 14:28:27.206910+00:00,SPY,758.615,40.0
2026-09-14 14:28:27.749646+00:00,SPY,758.62,10.0
2026-09-14 14:28:27.749646+00:00,SPY,758.62,40.0
2026-09-14 14:28:28.143012+00:00,SPY,758.59,10.0
2026-09-14 14:28:37.974161+00:00,SPY,758.63,40.0
2026-09-14 14:28:38.370742+00:00,SPY,758.62,80.0
2026-09-14 14:28:38.370742+00:00,SPY,758.62,40.0
2026-09-14 14:28:39.391274+00:00,SPY,758.63,40.0
2026-09-14 14:28:41.530174+00:00,SPY,758.72,22.0
2026-09-14 14:28:41.530177+00:00,SPY,758.72,55.0
2026-09-14 14:28:41.530192+00:00,SPY,758.72,3.0
2026-09-14 14:28:41.665951+00:00,SPY,758.74,37.0
2026-09-14 14:28:41.665972+00:00,SPY,758.74,20.0
2026-09-14 14:28:42.808969+00:00,SPY,758.74,49.0
2026-09-14 14:28:42.808969+00:00,SPY,758.74,40.0
2026-09-14 14:28:42.808984+00:00,SPY,758.74,65.0
2026-09-14 14:28:42.808984+00:00,SPY,758.74,40.0
2026-09-14 14:28:42.813302+00:00,SPY,758.75,120.0
2026-09-14 14:28:42.813305+00:00,SPY,758.75,65.0
2026-09-14 14:28:42.813341+00:00,SPY,758.75,55.0
2026-09-14 14:28:42.819292+00:00,SPY,758.735,30.0
2026-09-14 14:28:43.153969+00:00,SPY,758.75,120.0
2026-09-14 14:28:43.153969+00:00,SPY,758.75,65.0
2026-09-14 14:28:43.153971+00:00,SPY,758.75,175.0
2026-09-14 14:28:43.471905+00:00,SPY,758.75,80.0
2026-09-14 14:28:43.471953+00:00,SPY,758.75,20.0
2026-09-14 14:28:44.878135+00:00,SPY,758.72,100.0
2026-09-14 14:28:49.206128+00:00,SPY,758.76,10.0
2026-09-14 14:28:49.207911+00:00,SPY,758.77,10.0
2026-09-14 14:28:49.207947+00:00,SPY,758.77,40.0
2026-09-14 14:28:49.511083+00:00,SPY,758.78,80.0
2026-09-14 14:28:49.696181+00:00,SPY,758.8,65.0
2026-09-14 14:28:49.696199+00:00,SPY,758.8,270.0
2026-09-14 14:28:50.217788+00:00,SPY,758.81,80.0
2026-09-14 14:28:50.218417+00:00,SPY,758.81,80.0
2026-09-14 14:28:50.469032+00:00,SPY,758.81,100.0
2026-09-14 14:28:50.650050+00:00,SPY,758.82,100.0
2026-09-14 14:28:50.660746+00:00,SPY,758.825,40.0
2026-09-14 14:28:50.661360+00:00,SPY,758.825,40.0
2026-09-14 14:28:50.663495+00:00,SPY,758.825,40.0
2026-09-14 14:28:50.853272+00:00,SPY,758.82,40.0
2026-09-14 14:28:51.635280+00:00,SPY,758.795,40.0
2026-09-14 14:28:51.635891+00:00,SPY,758.795,40.0
2026-09-14 14:28:51.778777+00:00,SPY,758.81,65.0
2026-09-14 14:28:51.778777+00:00,SPY,758.81,15.0
2026-09-14 14:28:51.780170+00:00,SPY,758.81,65.0
2026-09-14 14:28:51.780170+00:00,SPY,758.81,15.0
2026-09-14 14:28:51.782097+00:00,SPY,758.81,92.0
2026-09-14 14:28:52.020894+00:00,SPY,758.82,100.0
2026-09-14 14:28:52.020927+00:00,SPY,758.82,100.0
2026-09-14 14:28:52.081393+00:00,SPY,758.805,50.0
2026-09-14 14:28:52.395607+00:00,SPY,758.82,40.0
2026-09-14 14:28:52.395658+00:00,SPY,758.82,40.0
2026-09-14 14:28:52.980847+00:00,SPY,758.81,100.0
2026-09-14 14:28:57.439850+00:00,SPY,758.71,40.0
2026-09-14 14:28:57.439868+00:00,SPY,758.71,2.0
2026-09-14 14:28:59.119475+00:00,SPY,758.625,100.0
2026-09-14 14:28:59.456809+00:00,SPY,758.63,100.0
2026-09-14 14:29:01.066704+00:00,SPY,758.61,130.0
2026-09-14 14:29:02.930924+00:00,SPY,758.61,40.0
2026-09-14 14:29:05.913852+00:00,SPY,758.62,40.0
2026-09-14 14:29:05.930455+00:00,SPY,758.62,100.0
2026-09-14 14:29:06.438503+00:00,SPY,758.625,40.0
2026-09-14 14:29:09.582364+00:00,SPY,758.62,4.0
2026-09-14 14:29:09.759457+00:00,SPY,758.62,13.0
2026-09-14 14:29:13.233190+00:00,SPY,758.61,40.0
2026-09-14 14:29:13.758722+00:00,SPY,758.6,500.0
2026-09-14 14:29:15.090435+00:00,SPY,758.61,80.0
2026-09-14 14:29:15.090437+00:00,SPY,758.61,26.0
2026-09-14 14:29:15.090690+00:00,SPY,758.61,54.0
2026-09-14 14:29:15.390638+00:00,SPY,758.62,40.0
2026-09-14 14:29:18.360497+00:00,SPY,758.61,100.0
2026-09-14 14:29:19.250827+00:00,SPY,758.62,100.0
2026-09-14 14:29:21.156286+00:00,SPY,758.55,40.0
2026-09-14 14:29:21.571500+00:00,SPY,758.54,5.0
2026-09-14 14:29:22.341512+00:00,SPY,758.54,40.0
2026-09-14 14:29:23.696954+00:00,SPY,758.52,80.0
2026-09-14 14:29:23.696957+00:00,SPY,758.52,80.0
2026-09-14 14:29:23.696957+00:00,SPY,758.52,60.0
2026-09-14 14:29:24.230518+00:00,SPY,758.55,61.0
2026-09-14 14:29:26.241739+00:00,SPY,758.505,10.0
2026-09-14 14:29:26.241808+00:00,SPY,758.505,22.0
2026-09-14 14:29:27.176942+00:00,SPY,758.47,40.0
2026-09-14 14:29:27.573401+00:00,SPY,758.46,80.0
2026-09-14 14:29:27.573401+00:00,SPY,758.46,80.0
2026-09-14 14:29:27.573403+00:00,SPY,758.46,40.0
2026-09-14 14:29:27.575171+00:00,SPY,758.46,80.0
2026-09-14 14:29:27.575201+00:00,SPY,758.46,40.0
2026-09-14 14:29:27.581372+00:00,SPY,758.46,40.0
2026-09-14 14:29:29.139760+00:00,SPY,758.47,40.0
2026-09-14 14:29:42.776058+00:00,SPY,758.66,1.0
2026-09-14 14:29:46.186021+00:00,SPY,758.635,40.0
2026-09-14 14:29:47.122842+00:00,SPY,758.67,69.0
2026-09-14 14:29:50.034145+00:00,SPY,758.68,69.0
2026-09-14 14:29:50.298212+00:00,SPY,758.72,100.0
2026-09-14 14:29:50.611139+00:00,SPY,758.74,40.0
2026-09-14 14:29:51.208452+00:00,SPY,758.78,40.0
2026-09-14 14:29:53.237993+00:00,SPY,758.83,100.0
2026-09-14 14:29:53.244795+00:00,SPY,758.83,20.0
2026-09-14 14:29:53.575384+00:00,SPY,758.83,65.0
2026-09-14 14:29:53.679495+00:00,SPY,758.83,40.0
2026-09-14 14:29:56.581600+00:00,SPY,758.85,40.0
2026-09-14 14:29:57.320921+00:00,SPY,758.81,40.0
2026-09-14 14:30:00.072363+00:00,SPY,758.825,80.0
2026-09-14 14:30:02.132513+00:00,SPY,758.76,40.0
2026-09-14 14:30:04.206984+00:00,SPY,758.775,2.0
2026-09-14 14:30:06.363101+00:00,SPY,758.73,40.0
2026-09-14 14:30:06.391307+00:00,SPY,758.735,40.0
2026-09-14 14:30:08.820457+00:00,SPY,758.8,49.0
2026-09-14 14:30:08.863631+00:00,SPY,758.81,10.0
2026-09-14 14:30:09.283539+00:00,SPY,758.85,16.0
2026-09-14 14:30:09.768865+00:00,SPY,758.9,80.0
2026-09-14 14:30:10.743036+00:00,SPY,758.95,100.0
2026-09-14 14:30:10.743054+00:00,SPY,758.95,7.0
2026-09-14 14:30:11.740990+00:00,SPY,758.915,7.0
2026-09-14 14:30:12.102522+00:00,SPY,758.915,100.0
2026-09-14 14:30:12.590825+00:00,SPY,758.9,100.0
2026-09-14 14:30:14.668902+00:00,SPY,758.93,3.0
2026-09-14 14:30:14.701265+00:00,SPY,758.92,77.0
2026-09-14 14:30:16.941856+00:00,SPY,758.945,40.0
2026-09-14 14:30:19.403739+00:00,SPY,758.9,1.0
2026-09-14 14:30:20.071994+00:00,SPY,758.905,15.0
2026-09-14 14:30:21.150842+00:00,SPY,758.91,40.0
2026-09-14 14:30:21.347472+00:00,SPY,758.92,75.0
2026-09-14 14:30:21.372231+00:00,SPY,758.9,80.0
2026-09-14 14:30:21.372231+00:00,SPY,758.9,80.0
2026-09-14 14:30:21.372254+00:00,SPY,758.9,40.0
2026-09-14 14:30:21.375710+00:00,SPY,758.91,73.0
2026-09-14 14:30:23.542961+00:00,SPY,758.89,10.0
2026-09-14 14:30:24.591661+00:00,SPY,758.9,3.0
2026-09-14 14:30:26.950702+00:00,SPY,758.88,40.0
2026-09-14 14:30:27.751731+00:00,SPY,758.915,6.0
2026-09-14 14:30:27.751731+00:00,SPY,758.915,20.0
2026-09-14 14:30:29.047309+00:00,SPY,758.91,10.0
2026-09-14 14:30:35.930750+00:00,SPY,758.915,40.0
2026-09-14 14:30:41.891563+00:00,SPY,758.87,40.0
2026-09-14 14:30:41.976062+00:00,SPY,758.89,32.0
2026-09-14 14:30:44.086869+00:00,SPY,758.92,8.0
2026-09-14 14:30:44.086896+00:00,SPY,758.92,40.0
2026-09-14 14:30:44.087656+00:00,SPY,758.92,52.0
2026-09-14 14:30:46.033727+00:00,SPY,758.885,40.0
2026-09-14 14:30:46.070986+00:00,SPY,758.855,40.0
2026-09-14 14:30:46.071882+00:00,SPY,758.855,120.0
2026-09-14 14:30:46.089555+00:00,SPY,758.845,100.0
2026-09-14 14:30:49.682574+00:00,SPY,758.83,34.0
2026-09-14 14:30:50.246601+00:00,SPY,758.85,100.0
2026-09-14 14:30:50.246601+00:00,SPY,758.85,40.0
2026-09-14 14:30:50.246604+00:00,SPY,758.85,60.0
2026-09-14 14:30:50.817343+00:00,SPY,758.84,40.0
2026-09-14 14:30:50.819385+00:00,SPY,758.85,65.0
2026-09-14 14:30:50.819388+00:00,SPY,758.85,30.0
2026-09-14 14:30:50.888048+00:00,SPY,758.82,280.0
2026-09-14 14:30:50.893530+00:00,SPY,758.83,12.0
2026-09-14 14:30:51.082351+00:00,SPY,758.8,30.0
2026-09-14 14:30:53.111799+00:00,SPY,758.73,100.0
2026-09-14 14:30:53.467798+00:00,SPY,758.73,40.0
2026-09-14 14:30:55.412999+00:00,SPY,758.735,40.0
2026-09-14 14:30:56.526215+00:00,SPY,758.7,40.0
2026-09-14 14:30:56.782794+00:00,SPY,758.68,80.0
2026-09-14 14:30:56.807170+00:00,SPY,758.68,140.0
2026-09-14 14:30:57.617795+00:00,SPY,758.73,10.0
2026-09-14 14:30:58.445744+00:00,SPY,758.715,40.0
2026-09-14 14:30:59.273601+00:00,SPY,758.72,40.0
2026-09-14 14:30:59.274601+00:00,SPY,758.72,240.0
2026-09-14 14:30:59.785660+00:00,SPY,758.685,100.0
2026-09-14 14:31:00.026697+00:00,SPY,758.685,40.0
2026-09-14 14:31:00.027419+00:00,SPY,758.685,120.0
2026-09-14 14:31:00.028126+00:00,SPY,758.685,260.0
2026-09-14 14:31:00.060850+00:00,SPY,758.69,20.0
2026-09-14 14:31:00.829149+00:00,SPY,758.71,33.0
2026-09-14 14:31:03.889034+00:00,SPY,758.71,100.0
2026-09-14 14:31:06.469776+00:00,SPY,758.67,40.0
2026-09-14 14:31:08.854046+00:00,SPY,758.66,80.0
2026-09-14 14:31:10.152249+00:00,SPY,758.62,40.0
2026-09-14 14:31:15.301732+00:00,SPY,758.57,40.0
2026-09-14 14:31:15.314867+00:00,SPY,758.58,40.0
2026-09-14 14:31:15.314867+00:00,SPY,758.58,40.0
2026-09-14 14:31:16.711522+00:00,SPY,758.56,40.0
2026-09-14 14:31:16.711522+00:00,SPY,758.56,100.0
2026-09-14 14:31:16.725800+00:00,SPY,758.58,160.0
2026-09-14 14:31:16.730837+00:00,SPY,758.59,200.0
2026-09-14 14:31:18.143259+00:00,SPY,758.53,80.0
2026-09-14 14:31:18.143289+00:00,SPY,758.53,1.0
2026-09-14 14:31:18.431119+00:00,SPY,758.57,100.0
2026-09-14 14:31:19.396033+00:00,SPY,758.59,40.0
2026-09-14 14:31:22.424244+00:00,SPY,758.65,35.0
2026-09-14 14:31:22.424246+00:00,SPY,758.65,45.0
2026-09-14 14:31:22.739122+00:00,SPY,758.66,40.0
2026-09-14 14:31:22.893989+00:00,SPY,758.68,10.0
2026-09-14 14:31:22.893992+00:00,SPY,758.68,7.0
2026-09-14 14:31:26.771352+00:00,SPY,758.68,1.0
2026-09-14 14:31:28.499591+00:00,SPY,758.76,120.0
2026-09-14 14:31:28.499615+00:00,SPY,758.76,35.0
2026-09-14 14:31:28.499618+00:00,SPY,758.76,45.0
2026-09-14 14:31:29.519525+00:00,SPY,758.75,100.0
2026-09-14 14:31:31.684149+00:00,SPY,758.76,40.0
2026-09-14 14:31:35.449130+00:00,SPY,758.79,45.0
2026-09-14 14:31:35.449139+00:00,SPY,758.79,55.0
2026-09-14 14:31:35.826760+00:00,SPY,758.78,40.0
2026-09-14 14:31:35.850300+00:00,SPY,758.78,40.0
2026-09-14 14:31:41.486374+00:00,SPY,758.775,80.0
2026-09-14 14:31:41.498713+00:00,SPY,758.78,35.0
2026-09-14 14:31:45.740949+00:00,SPY,758.835,4.0
2026-09-14 14:31:46.334868+00:00,SPY,758.83,40.0
2026-09-14 14:31:46.334910+00:00,SPY,758.83,100.0
2026-09-14 14:31:47.321497+00:00,SPY,758.81,40.0
2026-09-14 14:31:48.377571+00:00,SPY,758.77,100.0
2026-09-14 14:31:48.383056+00:00,SPY,758.77,100.0
2026-09-14 14:31:48.389016+00:00,SPY,758.77,100.0
2026-09-14 14:31:48.392576+00:00,SPY,758.77,40.0
2026-09-14 14:31:49.719832+00:00,SPY,758.765,133.0
2026-09-14 14:31:49.720024+00:00,SPY,758.765,225.0
2026-09-14 14:31:49.737189+00:00,SPY,758.74,40.0
2026-09-14 14:31:50.352838+00:00,SPY,758.76,40.0
2026-09-14 14:31:50.732019+00:00,SPY,758.77,40.0
2026-09-14 14:31:51.306682+00:00,SPY,758.73,35.0
2026-09-14 14:31:52.732101+00:00,SPY,758.72,40.0
2026-09-14 14:31:52.732101+00:00,SPY,758.72,29.0
2026-09-14 14:31:54.706710+00:00,SPY,758.73,40.0
2026-09-14 14:31:54.706713+00:00,SPY,758.73,25.0
2026-09-14 14:31:56.895742+00:00,SPY,758.735,1.0
2026-09-14 14:31:57.201858+00:00,SPY,758.74,40.0
2026-09-14 14:32:03.447253+00:00,SPY,758.7,100.0
2026-09-14 14:32:03.456684+00:00,SPY,758.71,80.0
2026-09-14 14:32:04.589552+00:00,SPY,758.72,40.0
2026-09-14 14:32:06.409850+00:00,SPY,758.695,40.0
2026-09-14 14:32:07.799126+00:00,SPY,758.65,40.0
2026-09-14 14:32:08.695136+00:00,SPY,758.67,2.0
2026-09-14 14:32:09.000473+00:00,SPY,758.67,13.0
2026-09-14 14:32:09.002194+00:00,SPY,758.67,25.0
2026-09-14 14:32:10.701227+00:00,SPY,758.68,50.0
2026-09-14 14:32:10.702505+00:00,SPY,758.68,150.0
2026-09-14 14:32:13.075484+00:00,SPY,758.685,40.0
2026-09-14 14:32:14.799465+00:00,SPY,758.68,120.0
2026-09-14 14:32:16.087898+00:00,SPY,758.7,160.0
2026-09-14 14:32:17.831816+00:00,SPY,758.71,40.0
2026-09-14 14:32:18.373867+00:00,SPY,758.72,80.0
2026-09-14 14:32:23.665760+00:00,SPY,758.66,40.0
2026-09-14 14:32:23.665799+00:00,SPY,758.66,65.0
2026-09-14 14:32:26.973692+00:00,SPY,758.73,40.0
2026-09-14 14:32:27.031358+00:00,SPY,758.74,4.0
2026-09-14 14:32:29.522934+00:00,SPY,758.69,4.0
2026-09-14 14:32:30.565081+00:00,SPY,758.71,15.0
2026-09-14 14:32:31.180317+00:00,SPY,758.74,74.0
2026-09-14 14:32:36.813574+00:00,SPY,758.715,40.0
2026-09-14 14:32:37.752957+00:00,SPY,758.72,200.0
2026-09-14 14:32:42.261284+00:00,SPY,758.76,26.0
2026-09-14 14:32:42.261287+00:00,SPY,758.76,46.0
2026-09-14 14:32:42.261323+00:00,SPY,758.76,64.0
2026-09-14 14:32:44.438153+00:00,SPY,758.75,1.0
2026-09-14 14:32:45.516943+00:00,SPY,758.765,40.0
2026-09-14 14:32:46.996046+00:00,SPY,758.77,40.0
2026-09-14 14:32:47.021141+00:00,SPY,758.8,120.0
2026-09-14 14:32:47.026852+00:00,SPY,758.8,80.0
2026-09-14 14:32:48.156003+00:00,SPY,758.77,40.0
2026-09-14 14:32:52.082392+00:00,SPY,758.8,43.0
2026-09-14 14:32:52.321177+00:00,SPY,758.82,64.0
2026-09-14 14:32:53.287366+00:00,SPY,758.835,40.0
2026-09-14 14:32:56.750214+00:00,SPY,758.805,4.0
2026-09-14 14:32:57.183756+00:00,SPY,758.8,4.0
2026-09-14 14:32:57.183852+00:00,SPY,758.8,96.0
2026-09-14 14:32:58.466472+00:00,SPY,758.81,40.0
2026-09-14 14:32:59.405402+00:00,SPY,758.85,100.0
2026-09-14 14:32:59.468258+00:00,SPY,758.86,100.0
2026-09-14 14:32:59.617276+00:00,SPY,758.86,40.0
2026-09-14 14:32:59.618181+00:00,SPY,758.86,60.0
2026-09-14 14:32:59.743767+00:00,SPY,758.84,40.0
2026-09-14 14:33:01.264633+00:00,SPY,758.86,40.0
2026-09-14 14:33:02.541477+00:00,SPY,758.85,40.0
2026-09-14 14:33:04.498631+00:00,SPY,758.85,40.0
2026-09-14 14:33:05.601271+00:00,SPY,758.86,1.0
2026-09-14 14:33:07.160991+00:00,SPY,758.875,40.0
2026-09-14 14:33:07.421160+00:00,SPY,758.91,40.0
2026-09-14 14:33:07.421163+00:00,SPY,758.91,26.0
2026-09-14 14:33:07.737206+00:00,SPY,758.905,80.0
2026-09-14 14:33:07.737964+00:00,SPY,758.905,100.0
2026-09-14 14:33:07.737967+00:00,SPY,758.905,45.0
2026-09-14 14:33:09.205829+00:00,SPY,758.89,26.0
2026-09-14 14:33:09.643022+00:00,SPY,758.87,40.0
2026-09-14 14:33:09.975271+00:00,SPY,758.85,32.0
2026-09-14 14:33:10.950599+00:00,SPY,758.875,66.0
2026-09-14 14:33:13.284033+00:00,SPY,758.85,100.0
2026-09-14 14:33:13.673574+00:00,SPY,758.875,40.0
2026-09-14 14:33:15.845298+00:00,SPY,758.81,40.0
2026-09-14 14:33:16.366529+00:00,SPY,758.85,100.0
2026-09-14 14:33:16.366568+00:00,SPY,758.85,65.0
2026-09-14 14:33:16.643100+00:00,SPY,758.88,65.0
2026-09-14 14:33:17.889348+00:00,SPY,758.875,40.0
2026-09-14 14:33:18.303151+00:00,SPY,758.81,160.0
2026-09-14 14:33:18.303151+00:00,SPY,758.81,80.0
2026-09-14 14:33:18.303154+00:00,SPY,758.81,80.0
2026-09-14 14:33:20.580700+00:00,SPY,758.81,40.0
2026-09-14 14:33:27.494375+00:00,SPY,758.82,10.0
2026-09-14 14:33:28.077576+00:00,SPY,758.88,20.0
2026-09-14 14:33:29.879720+00:00,SPY,758.89,80.0
2026-09-14 14:33:30.008044+00:00,SPY,758.885,22.0
2026-09-14 14:33:30.235102+00:00,SPY,758.845,10.0
2026-09-14 14:33:30.242036+00:00,SPY,758.845,30.0
2026-09-14 14:33:30.242590+00:00,SPY,758.845,4.0
2026-09-14 14:33:31.918185+00:00,SPY,758.87,40.0
2026-09-14 14:33:37.079464+00:00,SPY,758.82,100.0
2026-09-14 14:33:37.508123+00:00,SPY,758.84,100.0
2026-09-14 14:33:37.515830+00:00,SPY,758.84,100.0
2026-09-14 14:33:40.645142+00:00,SPY,758.855,40.0
2026-09-14 14:33:42.270412+00:00,SPY,758.89,6.0
2026-09-14 14:33:43.302883+00:00,SPY,758.915,520.0
2026-09-14 14:33:43.303403+00:00,SPY,758.915,560.0
2026-09-14 14:33:43.305845+00:00,SPY,758.94,63.0
2026-09-14 14:33:43.306525+00:00,SPY,758.94,80.0
2026-09-14 14:33:45.088827+00:00,SPY,758.89,40.0
2026-09-14 14:33:45.669116+00:00,SPY,758.87,40.0
2026-09-14 14:33:50.175660+00:00,SPY,758.92,40.0
2026-09-14 14:33:50.201119+00:00,SPY,758.92,40.0
2026-09-14 14:33:51.215177+00:00,SPY,758.915,40.0
2026-09-14 14:33:54.026729+00:00,SPY,758.88,7.0
2026-09-14 14:33:55.839358+00:00,SPY,758.87,19.0
2026-09-14 14:33:57.033826+00:00,SPY,758.87,21.0
2026-09-14 14:33:57.033829+00:00,SPY,758.88,160.0
2026-09-14 14:33:57.033865+00:00,SPY,758.88,19.0
2026-09-14 14:33:57.192515+00:00,SPY,758.88,30.0
2026-09-14 14:33:57.423971+00:00,SPY,758.92,40.0
2026-09-14 14:33:58.735181+00:00,SPY,758.91,39.0
2026-09-14 14:34:00.403483+00:00,SPY,758.94,100.0
2026-09-14 14:34:00.424119+00:00,SPY,758.94,60.0
2026-09-14 14:34:01.108791+00:00,SPY,758.975,40.0
2026-09-14 14:34:01.108791+00:00,SPY,758.975,40.0
2026-09-14 14:34:01.108794+00:00,SPY,758.975,40.0
2026-09-14 14:34:01.389201+00:00,SPY,759.025,49.0
2026-09-14 14:34:02.051879+00:00,SPY,759.025,40.0
2026-09-14 14:34:02.065222+00:00,SPY,759.04,65.0
2026-09-14 14:34:02.065222+00:00,SPY,759.04,135.0
2026-09-14 14:34:02.066214+00:00,SPY,759.04,37.0
2026-09-14 14:34:02.077560+00:00,SPY,759.05,65.0
2026-09-14 14:34:02.078844+00:00,SPY,759.05,200.0
2026-09-14 14:34:02.078896+00:00,SPY,759.05,65.0
2026-09-14 14:34:02.080465+00:00,SPY,759.04,15.0
2026-09-14 14:34:02.081867+00:00,SPY,759.06,114.0
2026-09-14 14:34:02.081879+00:00,SPY,759.06,30.0
2026-09-14 14:34:02.081879+00:00,SPY,759.06,100.0
2026-09-14 14:34:02.081882+00:00,SPY,759.06,200.0
2026-09-14 14:34:02.081897+00:00,SPY,759.06,80.0
2026-09-14 14:34:02.249715+00:00,SPY,759.05,200.0
2026-09-14 14:34:02.250401+00:00,SPY,759.05,100.0
2026-09-14 14:34:02.256512+00:00,SPY,759.05,100.0
2026-09-14 14:34:03.568575+00:00,SPY,759.05,40.0
2026-09-14 14:34:04.303112+00:00,SPY,759.025,40.0
2026-09-14 14:34:06.147693+00:00,SPY,759.07,40.0
2026-09-14 14:34:07.526624+00:00,SPY,759.09,50.0
2026-09-14 14:34:07.542192+00:00,SPY,759.11,200.0
2026-09-14 14:34:07.542219+00:00,SPY,759.11,80.0
2026-09-14 14:34:07.544243+00:00,SPY,759.11,76.0
2026-09-14 14:34:07.544243+00:00,SPY,759.11,4.0
2026-09-14 14:34:08.072671+00:00,SPY,759.085,67.0
2026-09-14 14:34:09.030671+00:00,SPY,759.03,40.0
2026-09-14 14:34:10.691165+00:00,SPY,759.015,66.0
2026-09-14 14:34:11.073230+00:00,SPY,759.03,100.0
2026-09-14 14:34:11.874187+00:00,SPY,759.055,62.0
2026-09-14 14:34:14.076845+00:00,SPY,759.065,53.0
2026-09-14 14:34:14.888270+00:00,SPY,759.03,40.0
2026-09-14 14:34:17.148963+00:00,SPY,759.04,70.0
2026-09-14 14:34:17.355108+00:00,SPY,759.06,42.0
2026-09-14 14:34:19.365725+00:00,SPY,759.055,2.0
2026-09-14 14:34:20.044825+00:00,SPY,759.07,40.0
2026-09-14 14:34:20.676038+00:00,SPY,759.065,2.0
2026-09-14 14:34:21.270489+00:00,SPY,759.105,40.0
2026-09-14 14:34:22.894448+00:00,SPY,759.12,40.0
2026-09-14 14:34:26.567265+00:00,SPY,759.12,40.0
2026-09-14 14:34:26.567304+00:00,SPY,759.12,40.0
2026-09-14 14:34:30.292147+00:00,SPY,759.1,100.0
2026-09-14 14:34:30.292171+00:00,SPY,759.1,4.0
2026-09-14 14:34:30.292213+00:00,SPY,759.1,65.0
2026-09-14 14:34:30.292715+00:00,SPY,759.1,200.0
2026-09-14 14:34:30.292874+00:00,SPY,759.1,65.0
2026-09-14 14:34:30.293515+00:00,SPY,759.1,65.0
2026-09-14 14:34:30.454366+00:00,SPY,759.11,80.0
2026-09-14 14:34:31.354099+00:00,SPY,759.105,55.0
2026-09-14 14:34:31.902098+00:00,SPY,759.1,56.0
2026-09-14 14:34:32.150239+00:00,SPY,759.105,25.0
2026-09-14 14:34:32.150242+00:00,SPY,759.105,40.0
2026-09-14 14:34:32.156358+00:00,SPY,759.105,40.0
2026-09-14 14:34:32.386594+00:00,SPY,759.095,40.0
2026-09-14 14:34:32.387595+00:00,SPY,759.095,40.0
2026-09-14 14:34:33.928538+00:00,SPY,759.07,40.0
2026-09-14 14:34:39.359381+00:00,SPY,759.06,1.0
2026-09-14 14:34:40.631461+00:00,SPY,759.05,39.0
2026-09-14 14:34:42.228773+00:00,SPY,759.05,100.0
2026-09-14 14:34:42.235943+00:00,SPY,759.05,20.0
2026-09-14 14:34:42.235973+00:00,SPY,759.05,40.0
2026-09-14 14:34:42.563223+00:00,SPY,759.075,64.0
2026-09-14 14:34:42.669650+00:00,SPY,759.07,80.0
2026-09-14 14:34:42.802502+00:00,SPY,759.08,56.0
2026-09-14 14:34:49.940861+00:00,SPY,759.03,40.0
2026-09-14 14:34:51.065969+00:00,SPY,759.045,200.0
2026-09-14 14:34:51.573204+00:00,SPY,759.08,80.0
2026-09-14 14:34:51.573264+00:00,SPY,759.08,100.0
2026-09-14 14:34:51.608803+00:00,SPY,759.09,72.0
2026-09-14 14:34:51.656004+00:00,SPY,759.1,40.0
2026-09-14 14:34:57.173018+00:00,SPY,759.095,40.0
2026-09-14 14:34:57.214060+00:00,SPY,759.105,40.0
2026-09-14 14:34:57.338419+00:00,SPY,759.11,80.0
2026-09-14 14:34:58.050363+00:00,SPY,759.12,1.0
2026-09-14 14:34:58.207708+00:00,SPY,759.125,200.0
2026-09-14 14:34:58.208309+00:00,SPY,759.125,200.0
2026-09-14 14:34:58.880183+00:00,SPY,759.13,9.0
2026-09-14 14:34:59.973296+00:00,SPY,759.1,40.0
2026-09-14 14:35:00.947761+00:00,SPY,759.085,15.0
2026-09-14 14:35:01.407670+00:00,SPY,759.085,40.0
2026-09-14 14:35:01.628319+00:00,SPY,759.09,40.0
2026-09-14 14:35:02.667180+00:00,SPY,759.08,40.0
2026-09-14 14:35:02.668115+00:00,SPY,759.08,60.0
2026-09-14 14:35:07.742728+00:00,SPY,759.06,40.0
2026-09-14 14:35:07.981804+00:00,SPY,759.055,40.0
2026-09-14 14:35:08.012854+00:00,SPY,759.04,40.0
2026-09-14 14:35:08.013611+00:00,SPY,759.04,60.0
2026-09-14 14:35:10.405914+00:00,SPY,758.99,4.0
2026-09-14 14:35:10.405941+00:00,SPY,758.99,4.0
2026-09-14 14:35:12.189242+00:00,SPY,758.965,100.0
2026-09-14 14:35:13.036744+00:00,SPY,758.96,16.0
2026-09-14 14:35:19.106099+00:00,SPY,758.86,40.0
2026-09-14 14:35:20.523801+00:00,SPY,758.88,2.0
2026-09-14 14:35:20.885192+00:00,SPY,758.885,40.0
2026-09-14 14:35:23.534098+00:00,SPY,758.84,1.0
2026-09-14 14:35:26.583768+00:00,SPY,758.84,10.0
2026-09-14 14:35:31.149998+00:00,SPY,758.82,40.0
2026-09-14 14:35:33.558708+00:00,SPY,758.79,313.0
2026-09-14 14:35:33.559157+00:00,SPY,758.79,23.0
2026-09-14 14:35:33.561745+00:00,SPY,758.79,313.0
2026-09-14 14:35:33.561745+00:00,SPY,758.79,1883.0
2026-09-14 14:35:33.569940+00:00,SPY,758.75,80.0
2026-09-14 14:35:33.569940+00:00,SPY,758.75,40.0
2026-09-14 14:35:33.569946+00:00,SPY,758.75,65.0
2026-09-14 14:35:33.569946+00:00,SPY,758.75,80.0
2026-09-14 14:35:42.134425+00:00,SPY,758.72,100.0
2026-09-14 14:35:42.139546+00:00,SPY,758.72,60.0
2026-09-14 14:35:42.139546+00:00,SPY,758.72,60.0
2026-09-14 14:35:42.273661+00:00,SPY,758.71,80.0
2026-09-14 14:35:42.273661+00:00,SPY,758.71,65.0
2026-09-14 14:35:42.273667+00:00,SPY,758.71,15.0
2026-09-14 14:35:42.360818+00:00,SPY,758.75,80.0
2026-09-14 14:35:42.360818+00:00,SPY,758.75,65.0
2026-09-14 14:35:44.783183+00:00,SPY,758.68,40.0
2026-09-14 14:35:44.783243+00:00,SPY,758.68,20.0
2026-09-14 14:35:47.378167+00:00,SPY,758.64,1.0
2026-09-14 14:35:47.761426+00:00,SPY,758.65,24.0
2026-09-14 14:35:49.070269+00:00,SPY,758.65,100.0
2026-09-14 14:35:49.075679+00:00,SPY,758.65,100.0
2026-09-14 14:35:49.084042+00:00,SPY,758.65,100.0
2026-09-14 14:35:49.771920+00:00,SPY,758.685,100.0
2026-09-14 14:35:50.941400+00:00,SPY,758.73,100.0
2026-09-14 14:35:51.904715+00:00,SPY,758.75,40.0
2026-09-14 14:35:52.086778+00:00,SPY,758.75,80.0
2026-09-14 14:35:56.196194+00:00,SPY,758.675,100.0
2026-09-14 14:35:56.255438+00:00,SPY,758.68,100.0
2026-09-14 14:35:56.316153+00:00,SPY,758.685,2.0
2026-09-14 14:35:59.132628+00:00,SPY,758.68,100.0
2026-09-14 14:36:00.586516+00:00,SPY,758.67,80.0
2026-09-14 14:36:02.273767+00:00,SPY,758.71,40.0
2026-09-14 14:36:02.275088+00:00,SPY,758.71,40.0
2026-09-14 14:36:02.286864+00:00,SPY,758.72,40.0
2026-09-14 14:36:02.286873+00:00,SPY,758.72,100.0
2026-09-14 14:36:02.286876+00:00,SPY,758.72,80.0
2026-09-14 14:36:02.673999+00:00,SPY,758.73,100.0
2026-09-14 14:36:03.671505+00:00,SPY,758.73,65.0
2026-09-14 14:36:03.671541+00:00,SPY,758.73,40.0
2026-09-14 14:36:03.671544+00:00,SPY,758.73,40.0
2026-09-14 14:36:04.699703+00:00,SPY,758.73,4.0
2026-09-14 14:36:04.712519+00:00,SPY,758.735,100.0
2026-09-14 14:36:05.060516+00:00,SPY,758.72,4.0
2026-09-14 14:36:05.921755+00:00,SPY,758.74,100.0
2026-09-14 14:36:07.988007+00:00,SPY,758.78,40.0
2026-09-14 14:36:14.141037+00:00,SPY,758.7,40.0
2026-09-14 14:36:14.215961+00:00,SPY,758.7,40.0
2026-09-14 14:36:14.215967+00:00,SPY,758.7,40.0
2026-09-14 14:36:14.215967+00:00,SPY,758.7,65.0
2026-09-14 14:36:14.215967+00:00,SPY,758.7,40.0
2026-09-14 14:36:14.216009+00:00,SPY,758.7,80.0
2026-09-14 14:36:14.216755+00:00,SPY,758.7,40.0
2026-09-14 14:36:14.262058+00:00,SPY,758.7,100.0
2026-09-14 14:36:16.031495+00:00,SPY,758.72,40.0
2026-09-14 14:36:16.539808+00:00,SPY,758.75,100.0
2026-09-14 14:36:20.123872+00:00,SPY,758.72,2.0
2026-09-14 14:36:20.470913+00:00,SPY,758.7,80.0
2026-09-14 14:36:20.470934+00:00,SPY,758.7,40.0
2026-09-14 14:36:20.472401+00:00,SPY,758.7,1348.0
2026-09-14 14:36:20.472882+00:00,SPY,758.7,40.0
2026-09-14 14:36:26.392068+00:00,SPY,758.62,25.0
2026-09-14 14:36:26.576627+00:00,SPY,758.62,15.0
2026-09-14 14:36:26.587426+00:00,SPY,758.62,85.0
2026-09-14 14:36:27.840179+00:00,SPY,758.62,40.0
2026-09-14 14:36:27.840182+00:00,SPY,758.62,40.0
2026-09-14 14:36:31.259590+00:00,SPY,758.585,40.0
2026-09-14 14:36:31.261708+00:00,SPY,758.585,40.0
2026-09-14 14:36:31.524156+00:00,SPY,758.59,40.0
2026-09-14 14:36:33.318938+00:00,SPY,758.53,40.0
2026-09-14 14:36:36.941996+00:00,SPY,758.58,40.0
2026-09-14 14:36:37.095451+00:00,SPY,758.575,100.0
2026-09-14 14:36:37.103082+00:00,SPY,758.55,40.0
2026-09-14 14:36:37.460561+00:00,SPY,758.54,35.0
2026-09-14 14:36:39.028953+00:00,SPY,758.555,40.0
2026-09-14 14:36:39.029711+00:00,SPY,758.555,120.0
2026-09-14 14:36:39.030433+00:00,SPY,758.555,204.0
2026-09-14 14:36:39.463897+00:00,SPY,758.53,40.0
2026-09-14 14:36:39.463915+00:00,SPY,758.53,40.0
2026-09-14 14:36:39.641372+00:00,SPY,758.54,40.0
2026-09-14 14:36:39.642093+00:00,SPY,758.54,40.0
2026-09-14 14:36:40.348504+00:00,SPY,758.54,80.0
2026-09-14 14:36:41.225582+00:00,SPY,758.53,40.0
2026-09-14 14:36:41.225588+00:00,SPY,758.53,40.0
2026-09-14 14:36:41.225588+00:00,SPY,758.53,25.0
2026-09-14 14:36:42.397363+00:00,SPY,758.53,40.0
2026-09-14 14:36:42.397375+00:00,SPY,758.53,40.0
2026-09-14 14:36:42.411885+00:00,SPY,758.53,40.0
2026-09-14 14:36:43.890867+00:00,SPY,758.515,40.0
2026-09-14 14:36:44.068402+00:00,SPY,758.5,35.0
2026-09-14 14:36:44.810936+00:00,SPY,758.52,80.0
2026-09-14 14:36:44.810936+00:00,SPY,758.52,40.0
2026-09-14 14:36:44.810954+00:00,SPY,758.52,36.0
2026-09-14 14:36:45.566075+00:00,SPY,758.5,40.0
2026-09-14 14:36:45.690680+00:00,SPY,758.495,40.0
2026-09-14 14:36:45.691559+00:00,SPY,758.495,60.0
2026-09-14 14:36:49.584264+00:00,SPY,758.47,35.0
2026-09-14 14:36:49.778727+00:00,SPY,758.47,5.0
2026-09-14 14:36:53.637142+00:00,SPY,758.49,1.0
2026-09-14 14:36:53.637662+00:00,SPY,758.49,19.0
2026-09-14 14:36:53.638101+00:00,SPY,758.49,20.0
2026-09-14 14:36:54.700915+00:00,SPY,758.46,200.0
2026-09-14 14:36:54.700915+00:00,SPY,758.46,80.0
2026-09-14 14:36:54.700929+00:00,SPY,758.46,65.0
2026-09-14 14:36:54.700929+00:00,SPY,758.46,40.0
2026-09-14 14:36:57.423854+00:00,SPY,758.42,40.0
2026-09-14 14:37:01.564878+00:00,SPY,758.405,40.0
2026-09-14 14:37:02.030669+00:00,SPY,758.41,1.0
2026-09-14 14:37:02.853319+00:00,SPY,758.41,110.0
2026-09-14 14:37:02.853371+00:00,SPY,758.41,39.0
2026-09-14 14:37:06.031892+00:00,SPY,758.41,40.0
2026-09-14 14:37:06.047003+00:00,SPY,758.44,100.0
2026-09-14 14:37:06.047015+00:00,SPY,758.44,20.0
2026-09-14 14:37:06.047018+00:00,SPY,758.44,20.0
2026-09-14 14:37:06.047033+00:00,SPY,758.44,80.0
2026-09-14 14:37:06.047033+00:00,SPY,758.44,65.0
2026-09-14 14:37:06.047054+00:00,SPY,758.44,40.0
2026-09-14 14:37:06.049084+00:00,SPY,758.45,160.0
2026-09-14 14:37:06.056857+00:00,SPY,758.43,40.0
2026-09-14 14:37:10.626702+00:00,SPY,758.41,1.0
2026-09-14 14:37:10.877501+00:00,SPY,758.41,5.0
2026-09-14 14:37:10.878810+00:00,SPY,758.42,40.0
2026-09-14 14:37:13.508081+00:00,SPY,758.47,40.0
2026-09-14 14:37:14.031851+00:00,SPY,758.48,49.0
2026-09-14 14:37:16.183471+00:00,SPY,758.47,40.0
2026-09-14 14:37:17.788151+00:00,SPY,758.46,4.0
2026-09-14 14:37:18.050555+00:00,SPY,758.49,6.0
2026-09-14 14:37:20.461728+00:00,SPY,758.45,40.0
2026-09-14 14:37:21.409170+00:00,SPY,758.44,40.0
2026-09-14 14:37:25.004018+00:00,SPY,758.425,100.0
2026-09-14 14:37:25.780505+00:00,SPY,758.41,40.0
2026-09-14 14:37:26.590892+00:00,SPY,758.4,35.0
2026-09-14 14:37:26.601775+00:00,SPY,758.4,35.0
2026-09-14 14:37:29.137082+00:00,SPY,758.41,12.0
2026-09-14 14:37:31.564466+00:00,SPY,758.445,100.0
2026-09-14 14:37:33.695752+00:00,SPY,758.415,80.0
2026-09-14 14:37:33.721030+00:00,SPY,758.4,40.0
2026-09-14 14:37:34.357654+00:00,SPY,758.4,40.0
2026-09-14 14:37:36.559413+00:00,SPY,758.38,5.0
2026-09-14 14:37:37.469867+00:00,SPY,758.405,40.0
2026-09-14 14:37:40.730337+00:00,SPY,758.46,40.0
2026-09-14 14:37:41.718127+00:00,SPY,758.495,40.0
2026-09-14 14:37:44.831582+00:00,SPY,758.495,40.0
2026-09-14 14:37:44.831585+00:00,SPY,758.495,57.0
2026-09-14 14:37:49.638943+00:00,SPY,758.495,60.0
2026-09-14 14:37:49.703444+00:00,SPY,758.495,100.0
2026-09-14 14:37:49.910952+00:00,SPY,758.49,40.0
2026-09-14 14:37:51.761433+00:00,SPY,758.475,40.0
2026-09-14 14:37:51.762214+00:00,SPY,758.475,60.0
2026-09-14 14:37:54.048737+00:00,SPY,758.47,40.0
2026-09-14 14:37:54.562132+00:00,SPY,758.48,100.0
2026-09-14 14:37:57.710208+00:00,SPY,758.495,66.0
2026-09-14 14:37:58.368345+00:00,SPY,758.49,54.0
2026-09-14 14:37:58.368381+00:00,SPY,758.49,40.0
2026-09-14 14:37:58.851419+00:00,SPY,758.485,73.0
2026-09-14 14:37:59.119900+00:00,SPY,758.49,100.0
2026-09-14 14:37:59.127264+00:00,SPY,758.485,5.0
2026-09-14 14:37:59.393313+00:00,SPY,758.52,1.0
2026-09-14 14:37:59.446010+00:00,SPY,758.52,99.0
2026-09-14 14:37:59.818492+00:00,SPY,758.525,40.0
2026-09-14 14:37:59.819211+00:00,SPY,758.525,60.0
2026-09-14 14:38:00.486589+00:00,SPY,758.5,5.0
2026-09-14 14:38:02.454707+00:00,SPY,758.54,77.0
2026-09-14 14:38:02.454710+00:00,SPY,758.54,1680.0
2026-09-14 14:38:02.478076+00:00,SPY,758.54,111.0
2026-09-14 14:38:02.507426+00:00,SPY,758.54,311.0
2026-09-14 14:38:02.507474+00:00,SPY,758.54,86.0
2026-09-14 14:38:02.507487+00:00,SPY,758.54,328.0
2026-09-14 14:38:06.573776+00:00,SPY,758.51,70.0
2026-09-14 14:38:11.727667+00:00,SPY,758.52,40.0
2026-09-14 14:38:13.198320+00:00,SPY,758.51,1.0
2026-09-14 14:38:13.852333+00:00,SPY,758.5,40.0
2026-09-14 14:38:18.084709+00:00,SPY,758.47,100.0
2026-09-14 14:38:19.574190+00:00,SPY,758.45,100.0
2026-09-14 14:38:20.133093+00:00,SPY,758.445,44.0
2026-09-14 14:38:24.065250+00:00,SPY,758.425,22.0
2026-09-14 14:38:24.065253+00:00,SPY,758.43,68.0
2026-09-14 14:38:24.065770+00:00,SPY,758.43,22.0
2026-09-14 14:38:26.100267+00:00,SPY,758.455,40.0
2026-09-14 14:38:26.128721+00:00,SPY,758.455,15.0
2026-09-14 14:38:31.125745+00:00,SPY,758.42,1.0
2026-09-14 14:38:31.189527+00:00,SPY,758.425,15.0
2026-09-14 14:38:31.189545+00:00,SPY,758.425,40.0
2026-09-14 14:38:32.922750+00:00,SPY,758.435,17.0
2026-09-14 14:38:32.922750+00:00,SPY,758.435,28.0
2026-09-14 14:38:32.922752+00:00,SPY,758.435,6.0
2026-09-14 14:38:32.934014+00:00,SPY,758.44,45.0
2026-09-14 14:38:34.112784+00:00,SPY,758.46,45.0
2026-09-14 14:38:34.591473+00:00,SPY,758.45,65.0
2026-09-14 14:38:35.345235+00:00,SPY,758.465,32.0
2026-09-14 14:38:35.345238+00:00,SPY,758.465,40.0
2026-09-14 14:38:36.518297+00:00,SPY,758.425,25.0
2026-09-14 14:38:37.043550+00:00,SPY,758.43,40.0
2026-09-14 14:38:37.045910+00:00,SPY,758.43,40.0
2026-09-14 14:38:37.047510+00:00,SPY,758.43,16.0
2026-09-14 14:38:39.630093+00:00,SPY,758.43,40.0
2026-09-14 14:38:39.631124+00:00,SPY,758.44,45.0
2026-09-14 14:38:45.822580+00:00,SPY,758.38,40.0
2026-09-14 14:38:45.822601+00:00,SPY,758.38,45.0
2026-09-14 14:38:45.824871+00:00,SPY,758.395,4.0
2026-09-14 14:38:46.191164+00:00,SPY,758.38,160.0
2026-09-14 14:38:46.191200+00:00,SPY,758.38,200.0
2026-09-14 14:38:46.324806+00:00,SPY,758.405,2.0
2026-09-14 14:38:47.356022+00:00,SPY,758.38,40.0
2026-09-14 14:38:47.356025+00:00,SPY,758.38,40.0
2026-09-14 14:38:47.361177+00:00,SPY,758.38,18.0
2026-09-14 14:38:47.361222+00:00,SPY,758.38,10.0
2026-09-14 14:38:47.383953+00:00,SPY,758.4,38.0
2026-09-14 14:38:47.428703+00:00,SPY,758.41,24.0
2026-09-14 14:38:51.277895+00:00,SPY,758.42,40.0
2026-09-14 14:38:51.867802+00:00,SPY,758.41,28.0
2026-09-14 14:38:52.181733+00:00,SPY,758.385,40.0
2026-09-14 14:38:53.064350+00:00,SPY,758.39,5.0
2026-09-14 14:38:53.729530+00:00,SPY,758.385,17.0
2026-09-14 14:38:53.729532+00:00,SPY,758.39,83.0
2026-09-14 14:38:53.729668+00:00,SPY,758.39,17.0
2026-09-14 14:38:54.477617+00:00,SPY,758.415,3.0
2026-09-14 14:38:55.035954+00:00,SPY,758.415,37.0
2026-09-14 14:38:55.037915+00:00,SPY,758.415,40.0
2026-09-14 14:38:56.092939+00:00,SPY,758.41,40.0
2026-09-14 14:38:56.372854+00:00,SPY,758.41,40.0
2026-09-14 14:38:56.832694+00:00,SPY,758.415,40.0
2026-09-14 14:38:56.835415+00:00,SPY,758.415,2.0
2026-09-14 14:38:57.897408+00:00,SPY,758.44,40.0
2026-09-14 14:38:57.897444+00:00,SPY,758.44,100.0
2026-09-14 14:38:59.019772+00:00,SPY,758.44,100.0
2026-09-14 14:39:00.013414+00:00,SPY,758.44,17.0
2026-09-14 14:39:00.249932+00:00,SPY,758.47,12.0
2026-09-14 14:39:01.287971+00:00,SPY,758.42,14.0
2026-09-14 14:39:09.167108+00:00,SPY,758.36,52.0
2026-09-14 14:39:09.173589+00:00,SPY,758.36,48.0
2026-09-14 14:39:09.780311+00:00,SPY,758.36,5.0
2026-09-14 14:39:11.271873+00:00,SPY,758.36,35.0
2026-09-14 14:39:11.274195+00:00,SPY,758.36,40.0
2026-09-14 14:39:11.298105+00:00,SPY,758.36,16.0
2026-09-14 14:39:13.191697+00:00,SPY,758.33,40.0
2026-09-14 14:39:13.204901+00:00,SPY,758.34,100.0
2026-09-14 14:39:13.204941+00:00,SPY,758.34,1232.0
2026-09-14 14:39:14.126359+00:00,SPY,758.335,40.0
2026-09-14 14:39:14.213351+00:00,SPY,758.33,26.0
2026-09-14 14:39:14.727476+00:00,SPY,758.34,11.0
2026-09-14 14:39:16.005766+00:00,SPY,758.345,29.0
2026-09-14 14:39:16.005766+00:00,SPY,758.345,9.0
2026-09-14 14:39:16.005769+00:00,SPY,758.345,36.0
2026-09-14 14:39:16.009508+00:00,SPY,758.35,29.0
2026-09-14 14:39:16.009508+00:00,SPY,758.35,9.0
2026-09-14 14:39:16.009529+00:00,SPY,758.35,36.0
2026-09-14 14:39:16.096556+00:00,SPY,758.355,9.0
2026-09-14 14:39:16.096556+00:00,SPY,758.355,1.0
2026-09-14 14:39:16.154977+00:00,SPY,758.36,3.0
2026-09-14 14:39:16.155012+00:00,SPY,758.36,9.0
2026-09-14 14:39:16.171065+00:00,SPY,758.365,9.0
2026-09-14 14:39:16.172544+00:00,SPY,758.365,4.0
2026-09-14 14:39:16.580306+00:00,SPY,758.37,1.0
2026-09-14 14:39:17.198168+00:00,SPY,758.38,40.0
2026-09-14 14:39:17.755618+00:00,SPY,758.39,27.0
2026-09-14 14:39:21.290649+00:00,SPY,758.37,40.0
2026-09-14 14:39:21.290652+00:00,SPY,758.37,40.0
2026-09-14 14:39:21.291170+00:00,SPY,758.37,100.0
2026-09-14 14:39:21.292451+00:00,SPY,758.37,3.0
2026-09-14 14:39:21.293789+00:00,SPY,758.37,6.0
2026-09-14 14:39:22.626545+00:00,SPY,758.35,40.0
2026-09-14 14:39:24.149219+00:00,SPY,758.33,14.0
2026-09-14 14:39:25.051433+00:00,SPY,758.34,60.0
2026-09-14 14:39:28.050594+00:00,SPY,758.335,24.0
2026-09-14 14:39:28.060410+00:00,SPY,758.335,4.0
2026-09-14 14:39:30.783043+00:00,SPY,758.32,80.0
2026-09-14 14:39:31.990922+00:00,SPY,758.305,40.0
2026-09-14 14:39:32.407504+00:00,SPY,758.305,5.0
2026-09-14 14:39:33.904106+00:00,SPY,758.34,40.0
2026-09-14 14:39:35.054434+00:00,SPY,758.325,40.0
2026-09-14 14:39:35.055965+00:00,SPY,758.325,29.0
2026-09-14 14:39:35.845683+00:00,SPY,758.37,80.0
2026-09-14 14:39:44.510579+00:00,SPY,758.365,40.0
2026-09-14 14:39:44.579233+00:00,SPY,758.365,40.0
2026-09-14 14:39:55.694752+00:00,SPY,758.415,29.0
2026-09-14 14:39:56.779346+00:00,SPY,758.4,40.0
2026-09-14 14:39:56.779502+00:00,SPY,758.4,60.0
2026-09-14 14:39:59.117372+00:00,SPY,758.465,97.0
2026-09-14 14:40:02.374122+00:00,SPY,758.465,3.0
2026-09-14 14:40:02.455106+00:00,SPY,758.48,1.0
2026-09-14 14:40:06.082807+00:00,SPY,758.48,65.0
2026-09-14 14:40:07.655148+00:00,SPY,758.44,40.0
2026-09-14 14:40:10.029928+00:00,SPY,758.435,16.0
2026-09-14 14:40:10.029970+00:00,SPY,758.435,6.0
2026-09-14 14:40:10.652162+00:00,SPY,758.425,40.0
2026-09-14 14:40:11.101218+00:00,SPY,758.43,100.0
2026-09-14 14:40:12.568711+00:00,SPY,758.43,40.0
2026-09-14 14:40:12.568711+00:00,SPY,758.43,25.0
2026-09-14 14:40:12.568834+00:00,SPY,758.43,120.0
2026-09-14 14:40:12.611439+00:00,SPY,758.445,20.0
2026-09-14 14:40:12.611443+00:00,SPY,758.445,23.0
2026-09-14 14:40:12.611443+00:00,SPY,758.445,57.0
2026-09-14 14:40:12.640320+00:00,SPY,758.445,23.0
2026-09-14 14:40:12.641912+00:00,SPY,758.445,8.0
2026-09-14 14:40:12.947351+00:00,SPY,758.445,40.0
2026-09-14 14:40:13.172751+00:00,SPY,758.44,9.0
2026-09-14 14:40:13.172784+00:00,SPY,758.44,91.0
2026-09-14 14:40:14.433587+00:00,SPY,758.43,40.0
2026-09-14 14:40:15.489144+00:00,SPY,758.4,40.0
2026-09-14 14:40:15.489183+00:00,SPY,758.4,80.0
2026-09-14 14:40:16.371231+00:00,SPY,758.41,16.0
2026-09-14 14:40:16.777682+00:00,SPY,758.39,100.0
2026-09-14 14:40:18.682542+00:00,SPY,758.375,4.0
2026-09-14 14:40:20.159940+00:00,SPY,758.35,100.0
2026-09-14 14:40:21.426369+00:00,SPY,758.35,40.0
2026-09-14 14:40:23.964018+00:00,SPY,758.36,27.0
2026-09-14 14:40:27.057183+00:00,SPY,758.3,35.0
2026-09-14 14:40:27.071907+00:00,SPY,758.3,35.0
2026-09-14 14:40:27.627008+00:00,SPY,758.32,40.0
2026-09-14 14:40:28.400179+00:00,SPY,758.36,40.0
2026-09-14 14:40:28.691403+00:00,SPY,758.36,2.0
2026-09-14 14:40:28.958396+00:00,SPY,758.35,38.0
2026-09-14 14:40:28.960320+00:00,SPY,758.35,17.0
2026-09-14 14:40:30.684653+00:00,SPY,758.35,40.0
2026-09-14 14:40:30.684671+00:00,SPY,758.35,80.0
2026-09-14 14:40:34.045566+00:00,SPY,758.31,40.0
2026-09-14 14:40:34.045566+00:00,SPY,758.31,40.0
2026-09-14 14:40:34.047575+00:00,SPY,758.32,40.0
2026-09-14 14:40:34.048934+00:00,SPY,758.32,5.0
2026-09-14 14:40:34.049935+00:00,SPY,758.32,195.0
2026-09-14 14:40:34.231954+00:00,SPY,758.32,40.0
2026-09-14 14:40:34.747962+00:00,SPY,758.3,40.0
2026-09-14 14:40:35.346669+00:00,SPY,758.32,65.0
2026-09-14 14:40:35.353795+00:00,SPY,758.32,160.0
2026-09-14 14:40:35.353831+00:00,SPY,758.32,15.0
2026-09-14 14:40:35.478960+00:00,SPY,758.345,40.0
2026-09-14 14:40:36.899941+00:00,SPY,758.335,8.0
2026-09-14 14:40:37.210203+00:00,SPY,758.345,32.0
2026-09-14 14:40:37.212284+00:00,SPY,758.345,40.0
2026-09-14 14:40:37.218804+00:00,SPY,758.345,40.0
2026-09-14 14:40:37.220527+00:00,SPY,758.345,40.0
2026-09-14 14:40:39.262893+00:00,SPY,758.29,1.0
2026-09-14 14:40:40.789326+00:00,SPY,758.27,6.0
2026-09-14 14:40:42.717576+00:00,SPY,758.27,40.0
2026-09-14 14:40:43.023373+00:00,SPY,758.295,1.0
2026-09-14 14:40:43.025373+00:00,SPY,758.295,7.0
2026-09-14 14:40:44.016609+00:00,SPY,758.26,10.0
2026-09-14 14:40:44.030699+00:00,SPY,758.26,10.0
2026-09-14 14:40:44.031498+00:00,SPY,758.26,23.0
2026-09-14 14:40:44.226799+00:00,SPY,758.26,33.0
2026-09-14 14:40:46.737143+00:00,SPY,758.26,7.0
2026-09-14 14:40:47.627389+00:00,SPY,758.275,10.0
2026-09-14 14:40:47.792035+00:00,SPY,758.275,20.0
2026-09-14 14:40:47.800885+00:00,SPY,758.275,10.0
2026-09-14 14:40:49.300335+00:00,SPY,758.27,34.0
2026-09-14 14:40:50.040484+00:00,SPY,758.255,33.0
2026-09-14 14:40:51.600880+00:00,SPY,758.275,2.0
2026-09-14 14:40:51.712557+00:00,SPY,758.275,38.0
2026-09-14 14:40:51.987047+00:00,SPY,758.275,930.0
2026-09-14 14:40:51.988046+00:00,SPY,758.275,2600.0
2026-09-14 14:40:51.988048+00:00,SPY,758.275,1310.0
2026-09-14 14:40:52.415267+00:00,SPY,758.275,100.0
2026-09-14 14:40:54.182160+00:00,SPY,758.235,19.0
2026-09-14 14:40:55.042917+00:00,SPY,758.22,21.0
2026-09-14 14:40:55.049723+00:00,SPY,758.22,40.0
2026-09-14 14:40:55.184078+00:00,SPY,758.21,12.0
2026-09-14 14:40:56.048768+00:00,SPY,758.205,40.0
2026-09-14 14:40:56.174366+00:00,SPY,758.2,6.0
2026-09-14 14:40:56.192734+00:00,SPY,758.2,34.0
2026-09-14 14:40:56.284598+00:00,SPY,758.2,10.0
2026-09-14 14:40:56.355745+00:00,SPY,758.2,30.0
2026-09-14 14:40:56.410540+00:00,SPY,758.205,35.0
2026-09-14 14:40:56.410575+00:00,SPY,758.21,100.0
2026-09-14 14:40:56.421836+00:00,SPY,758.22,40.0
2026-09-14 14:40:58.557900+00:00,SPY,758.185,40.0
2026-09-14 14:40:58.574966+00:00,SPY,758.185,40.0
2026-09-14 14:40:58.577023+00:00,SPY,758.185,40.0
2026-09-14 14:40:58.585909+00:00,SPY,758.185,4.0
2026-09-14 14:40:58.591112+00:00,SPY,758.19,100.0
2026-09-14 14:40:59.952673+00:00,SPY,758.24,40.0
2026-09-14 14:40:59.953506+00:00,SPY,758.24,60.0
2026-09-14 14:41:00.120248+00:00,SPY,758.24,160.0
2026-09-14 14:41:03.718190+00:00,SPY,758.215,40.0
2026-09-14 14:41:03.727609+00:00,SPY,758.225,15.0
2026-09-14 14:41:03.727702+00:00,SPY,758.225,40.0
2026-09-14 14:41:06.235917+00:00,SPY,758.25,100.0
2026-09-14 14:41:06.255963+00:00,SPY,758.255,96.0
2026-09-14 14:41:09.391746+00:00,SPY,758.24,6.0
2026-09-14 14:41:10.419598+00:00,SPY,758.225,40.0
2026-09-14 14:41:10.421155+00:00,SPY,758.225,40.0
2026-09-14 14:41:10.424947+00:00,SPY,758.225,16.0
2026-09-14 14:41:11.319229+00:00,SPY,758.2,1.0
2026-09-14 14:41:13.485434+00:00,SPY,758.2,100.0
2026-09-14 14:41:13.485467+00:00,SPY,758.2,65.0
2026-09-14 14:41:14.640002+00:00,SPY,758.21,36.0
2026-09-14 14:41:14.640005+00:00,SPY,758.21,2.0
2026-09-14 14:41:14.640152+00:00,SPY,758.21,62.0
2026-09-14 14:41:18.359897+00:00,SPY,758.2,40.0
2026-09-14 14:41:20.756657+00:00,SPY,758.195,4.0
2026-09-14 14:41:23.571848+00:00,SPY,758.24,80.0
2026-09-14 14:41:23.822914+00:00,SPY,758.25,51.0
2026-09-14 14:41:23.822953+00:00,SPY,758.25,40.0
2026-09-14 14:41:25.558557+00:00,SPY,758.27,160.0
2026-09-14 14:41:25.558596+00:00,SPY,758.27,40.0
2026-09-14 14:41:25.558599+00:00,SPY,758.27,40.0
2026-09-14 14:41:26.924440+00:00,SPY,758.2,35.0
2026-09-14 14:41:27.057805+00:00,SPY,758.2,70.0
2026-09-14 14:41:27.072769+00:00,SPY,758.2,7.0
2026-09-14 14:41:29.072692+00:00,SPY,758.255,40.0
2026-09-14 14:41:38.104190+00:00,SPY,758.165,4.0
2026-09-14 14:41:38.529931+00:00,SPY,758.175,2.0
2026-09-14 14:41:38.792696+00:00,SPY,758.175,14.0
2026-09-14 14:41:38.925102+00:00,SPY,758.165,8.0
2026-09-14 14:41:39.072448+00:00,SPY,758.165,2.0
2026-09-14 14:41:39.703911+00:00,SPY,758.145,100.0
2026-09-14 14:41:39.891896+00:00,SPY,758.145,40.0
2026-09-14 14:41:41.728998+00:00,SPY,758.14,80.0
2026-09-14 14:41:41.981117+00:00,SPY,758.14,50.0
2026-09-14 14:41:41.981120+00:00,SPY,758.13,40.0
2026-09-14 14:41:41.981126+00:00,SPY,758.13,80.0
2026-09-14 14:41:41.981132+00:00,SPY,758.13,200.0
2026-09-14 14:41:42.425280+00:00,SPY,758.135,40.0
2026-09-14 14:41:43.027349+00:00,SPY,758.13,80.0
2026-09-14 14:41:43.027363+00:00,SPY,758.13,40.0
2026-09-14 14:41:43.027370+00:00,SPY,758.13,160.0
2026-09-14 14:41:44.455898+00:00,SPY,758.175,726.0
2026-09-14 14:41:44.456899+00:00,SPY,758.175,2280.0
2026-09-14 14:41:44.456899+00:00,SPY,758.175,1514.0
2026-09-14 14:41:44.592971+00:00,SPY,758.175,40.0
2026-09-14 14:41:44.601424+00:00,SPY,758.175,40.0
2026-09-14 14:41:44.603977+00:00,SPY,758.175,40.0
2026-09-14 14:41:44.666887+00:00,SPY,758.155,14.0
2026-09-14 14:41:45.345028+00:00,SPY,758.19,3.0
2026-09-14 14:41:47.136394+00:00,SPY,758.15,40.0
2026-09-14 14:41:47.145012+00:00,SPY,758.155,40.0
2026-09-14 14:41:47.145292+00:00,SPY,758.16,58.0
2026-09-14 14:41:47.145319+00:00,SPY,758.16,130.0
2026-09-14 14:41:47.442149+00:00,SPY,758.175,10.0
2026-09-14 14:41:47.442188+00:00,SPY,758.175,37.0
2026-09-14 14:41:49.336646+00:00,SPY,758.205,679.0
2026-09-14 14:41:49.337644+00:00,SPY,758.205,3800.0
2026-09-14 14:41:49.462045+00:00,SPY,758.205,40.0
2026-09-14 14:41:49.532507+00:00,SPY,758.2,40.0
2026-09-14 14:41:49.532537+00:00,SPY,758.2,1.0
2026-09-14 14:41:49.818081+00:00,SPY,758.2,40.0
2026-09-14 14:41:49.931397+00:00,SPY,758.2,28.0
2026-09-14 14:41:50.755019+00:00,SPY,758.225,80.0
2026-09-14 14:41:52.352891+00:00,SPY,758.21,130.0
2026-09-14 14:41:52.352915+00:00,SPY,758.21,40.0
2026-09-14 14:41:55.118151+00:00,SPY,758.22,80.0
2026-09-14 14:41:55.118151+00:00,SPY,758.22,65.0
2026-09-14 14:41:55.118160+00:00,SPY,758.22,142.0
2026-09-14 14:41:59.650830+00:00,SPY,758.21,100.0
2026-09-14 14:41:59.659954+00:00,SPY,758.22,40.0
2026-09-14 14:42:01.831180+00:00,SPY,758.175,8.0
2026-09-14 14:42:02.002307+00:00,SPY,758.18,100.0
2026-09-14 14:42:02.323179+00:00,SPY,758.21,1.0
2026-09-14 14:42:02.581677+00:00,SPY,758.205,20.0
2026-09-14 14:42:02.609394+00:00,SPY,758.205,80.0
2026-09-14 14:42:02.675856+00:00,SPY,758.205,40.0
2026-09-14 14:42:02.688014+00:00,SPY,758.23,80.0
2026-09-14 14:42:03.982166+00:00,SPY,758.22,80.0
2026-09-14 14:42:04.270378+00:00,SPY,758.25,7.0
2026-09-14 14:42:04.270419+00:00,SPY,758.25,24.0
2026-09-14 14:42:04.291686+00:00,SPY,758.255,16.0
2026-09-14 14:42:04.291728+00:00,SPY,758.255,7.0
2026-09-14 14:42:04.293854+00:00,SPY,758.255,7.0
2026-09-14 14:42:04.294008+00:00,SPY,758.255,40.0
2026-09-14 14:42:04.295893+00:00,SPY,758.255,7.0
2026-09-14 14:42:04.296065+00:00,SPY,758.255,16.0
2026-09-14 14:42:04.297824+00:00,SPY,758.255,7.0
2026-09-14 14:42:04.299586+00:00,SPY,758.255,7.0
2026-09-14 14:42:04.304407+00:00,SPY,758.27,9.0
2026-09-14 14:42:04.304449+00:00,SPY,758.27,5.0
2026-09-14 14:42:04.343206+00:00,SPY,758.275,40.0
2026-09-14 14:42:04.995652+00:00,SPY,758.265,40.0
2026-09-14 14:42:05.440400+00:00,SPY,758.27,11.0
2026-09-14 14:42:05.604574+00:00,SPY,758.27,89.0
2026-09-14 14:42:06.212048+00:00,SPY,758.315,80.0
2026-09-14 14:42:06.899715+00:00,SPY,758.31,24.0
2026-09-14 14:42:06.901267+00:00,SPY,758.31,26.0
2026-09-14 14:42:07.138465+00:00,SPY,758.32,100.0
2026-09-14 14:42:07.173841+00:00,SPY,758.325,76.0
2026-09-14 14:42:07.875395+00:00,SPY,758.34,80.0
2026-09-14 14:42:07.875416+00:00,SPY,758.34,65.0
2026-09-14 14:42:07.875420+00:00,SPY,758.34,80.0
2026-09-14 14:42:07.875420+00:00,SPY,758.34,1280.0
2026-09-14 14:42:09.835948+00:00,SPY,758.325,80.0
2026-09-14 14:42:10.326182+00:00,SPY,758.34,120.0
2026-09-14 14:42:12.234043+00:00,SPY,758.365,40.0
2026-09-14 14:42:12.236247+00:00,SPY,758.365,40.0
2026-09-14 14:42:12.237847+00:00,SPY,758.365,21.0
2026-09-14 14:42:14.162314+00:00,SPY,758.335,20.0
2026-09-14 14:42:14.176102+00:00,SPY,758.33,40.0
2026-09-14 14:42:14.253663+00:00,SPY,758.33,100.0
2026-09-14 14:42:14.253702+00:00,SPY,758.33,60.0
2026-09-14 14:42:14.304677+00:00,SPY,758.32,160.0
2026-09-14 14:42:14.503863+00:00,SPY,758.325,40.0
2026-09-14 14:42:15.023032+00:00,SPY,758.335,19.0
2026-09-14 14:42:15.023113+00:00,SPY,758.335,694.0
2026-09-14 14:42:15.024073+00:00,SPY,758.335,1546.0
2026-09-14 14:42:15.024076+00:00,SPY,758.335,2040.0
2026-09-14 14:42:15.024112+00:00,SPY,758.335,334.0
2026-09-14 14:42:15.076527+00:00,SPY,758.335,19.0
2026-09-14 14:42:15.076527+00:00,SPY,758.34,81.0
2026-09-14 14:42:15.252913+00:00,SPY,758.35,2.0
2026-09-14 14:42:15.997870+00:00,SPY,758.35,100.0
2026-09-14 14:42:16.655483+00:00,SPY,758.38,80.0
2026-09-14 14:42:16.660752+00:00,SPY,758.38,80.0
2026-09-14 14:42:16.669046+00:00,SPY,758.38,200.0
2026-09-14 14:42:16.677839+00:00,SPY,758.38,100.0
2026-09-14 14:42:16.685573+00:00,SPY,758.38,72.0
2026-09-14 14:42:16.694375+00:00,SPY,758.38,20.0
2026-09-14 14:42:16.841842+00:00,SPY,758.41,70.0
2026-09-14 14:42:16.841842+00:00,SPY,758.41,25.0
2026-09-14 14:42:16.841844+00:00,SPY,758.41,50.0
2026-09-14 14:42:16.841862+00:00,SPY,758.41,55.0
2026-09-14 14:42:17.387435+00:00,SPY,758.39,46.0
2026-09-14 14:42:17.388150+00:00,SPY,758.39,40.0
2026-09-14 14:42:18.092414+00:00,SPY,758.4,26.0
2026-09-14 14:42:18.390326+00:00,SPY,758.4,40.0
2026-09-14 14:42:18.868402+00:00,SPY,758.405,40.0
2026-09-14 14:42:19.475789+00:00,SPY,758.41,65.0
2026-09-14 14:42:19.475792+00:00,SPY,758.41,35.0
2026-09-14 14:42:20.062430+00:00,SPY,758.4,40.0
2026-09-14 14:42:20.069552+00:00,SPY,758.41,160.0
2026-09-14 14:42:20.073232+00:00,SPY,758.42,80.0
2026-09-14 14:42:20.073674+00:00,SPY,758.42,200.0
2026-09-14 14:42:20.075632+00:00,SPY,758.42,40.0
2026-09-14 14:42:20.075993+00:00,SPY,758.42,200.0
2026-09-14 14:42:20.076781+00:00,SPY,758.43,200.0
2026-09-14 14:42:20.076781+00:00,SPY,758.43,65.0
2026-09-14 14:42:20.076835+00:00,SPY,758.43,926.0
2026-09-14 14:42:20.088118+00:00,SPY,758.45,40.0
2026-09-14 14:42:20.090535+00:00,SPY,758.45,200.0
2026-09-14 14:42:20.091158+00:00,SPY,758.45,15.0
2026-09-14 14:42:20.241367+00:00,SPY,758.46,80.0
2026-09-14 14:42:20.358767+00:00,SPY,758.45,160.0
2026-09-14 14:42:20.517688+00:00,SPY,758.435,80.0
2026-09-14 14:42:20.517691+00:00,SPY,758.435,40.0
2026-09-14 14:42:20.569594+00:00,SPY,758.435,40.0
2026-09-14 14:42:20.668627+00:00,SPY,758.435,40.0
2026-09-14 14:42:21.394143+00:00,SPY,758.435,25.0
2026-09-14 14:42:26.613319+00:00,SPY,758.45,35.0
2026-09-14 14:42:26.696386+00:00,SPY,758.45,40.0
2026-09-14 14:42:26.696426+00:00,SPY,758.45,40.0
2026-09-14 14:42:26.698747+00:00,SPY,758.445,40.0
2026-09-14 14:42:26.700305+00:00,SPY,758.445,40.0
2026-09-14 14:42:26.705670+00:00,SPY,758.445,18.0
2026-09-14 14:42:26.745882+00:00,SPY,758.45,13.0
2026-09-14 14:42:27.057143+00:00,SPY,758.45,36.0
2026-09-14 14:42:27.072507+00:00,SPY,758.45,35.0
2026-09-14 14:42:28.747167+00:00,SPY,758.455,2.0
2026-09-14 14:42:28.983089+00:00,SPY,758.455,100.0
2026-09-14 14:42:28.988054+00:00,SPY,758.455,47.0
2026-09-14 14:42:29.276975+00:00,SPY,758.5,10.0
2026-09-14 14:42:29.277062+00:00,SPY,758.5,30.0
2026-09-14 14:42:30.792597+00:00,SPY,758.485,40.0
2026-09-14 14:42:36.691235+00:00,SPY,758.43,10.0
2026-09-14 14:42:38.070881+00:00,SPY,758.425,4.0
2026-09-14 14:42:38.070899+00:00,SPY,758.425,120.0
2026-09-14 14:42:42.144087+00:00,SPY,758.505,10.0
2026-09-14 14:42:42.235469+00:00,SPY,758.495,40.0
2026-09-14 14:42:42.235502+00:00,SPY,758.495,66.0
2026-09-14 14:42:42.237436+00:00,SPY,758.495,6.0
2026-09-14 14:42:42.542058+00:00,SPY,758.51,1.0
2026-09-14 14:42:45.981121+00:00,SPY,758.495,50.0
2026-09-14 14:42:46.600615+00:00,SPY,758.51,40.0
2026-09-14 14:42:46.602856+00:00,SPY,758.51,40.0
2026-09-14 14:42:46.604486+00:00,SPY,758.51,17.0
2026-09-14 14:42:49.017962+00:00,SPY,758.51,1.0
2026-09-14 14:42:54.064782+00:00,SPY,758.45,40.0
2026-09-14 14:42:56.110204+00:00,SPY,758.465,40.0
2026-09-14 14:42:56.111867+00:00,SPY,758.465,6.0
2026-09-14 14:42:58.046335+00:00,SPY,758.45,10.0
2026-09-14 14:42:58.955674+00:00,SPY,758.48,40.0
2026-09-14 14:43:04.502471+00:00,SPY,758.425,24.0
2026-09-14 14:43:04.502513+00:00,SPY,758.425,40.0
2026-09-14 14:43:05.403522+00:00,SPY,758.45,24.0
2026-09-14 14:43:05.403564+00:00,SPY,758.45,40.0
2026-09-14 14:43:05.518868+00:00,SPY,758.455,21.0
2026-09-14 14:43:05.729756+00:00,SPY,758.45,10.0
2026-09-14 14:43:06.921099+00:00,SPY,758.445,1.0
2026-09-14 14:43:07.434223+00:00,SPY,758.46,4.0
2026-09-14 14:43:09.414190+00:00,SPY,758.43,4.0
2026-09-14 14:43:11.565768+00:00,SPY,758.34,4.0
2026-09-14 14:43:12.355301+00:00,SPY,758.34,36.0
2026-09-14 14:43:13.543089+00:00,SPY,758.31,40.0
2026-09-14 14:43:15.108441+00:00,SPY,758.29,100.0
2026-09-14 14:43:15.109353+00:00,SPY,758.31,20.0
2026-09-14 14:43:16.598157+00:00,SPY,758.27,5.0
2026-09-14 14:43:16.600926+00:00,SPY,758.27,6.0
2026-09-14 14:43:16.671069+00:00,SPY,758.265,24.0
2026-09-14 14:43:16.772020+00:00,SPY,758.265,5.0
2026-09-14 14:43:17.883342+00:00,SPY,758.28,40.0
2026-09-14 14:43:17.900426+00:00,SPY,758.29,100.0
2026-09-14 14:43:17.955806+00:00,SPY,758.29,100.0
2026-09-14 14:43:28.580042+00:00,SPY,758.27,80.0
2026-09-14 14:43:28.627510+00:00,SPY,758.27,40.0
2026-09-14 14:43:28.655724+00:00,SPY,758.265,38.0
2026-09-14 14:43:32.011094+00:00,SPY,758.24,40.0
2026-09-14 14:43:32.259530+00:00,SPY,758.245,40.0
2026-09-14 14:43:36.485789+00:00,SPY,758.26,40.0
2026-09-14 14:43:36.485789+00:00,SPY,758.26,40.0
2026-09-14 14:43:36.485813+00:00,SPY,758.26,40.0
2026-09-14 14:43:36.494786+00:00,SPY,758.255,30.0
2026-09-14 14:43:37.713305+00:00,SPY,758.25,80.0
2026-09-14 14:43:37.713347+00:00,SPY,758.25,40.0
2026-09-14 14:43:39.090516+00:00,SPY,758.24,40.0
2026-09-14 14:43:41.205785+00:00,SPY,758.225,40.0
2026-09-14 14:43:41.260540+00:00,SPY,758.235,8.0
2026-09-14 14:43:41.262498+00:00,SPY,758.235,26.0
2026-09-14 14:43:41.703504+00:00,SPY,758.255,4.0
2026-09-14 14:43:42.125141+00:00,SPY,758.25,27.0
2026-09-14 14:43:43.353093+00:00,SPY,758.27,15.0
2026-09-14 14:43:43.385222+00:00,SPY,758.275,63.0
2026-09-14 14:43:44.359029+00:00,SPY,758.265,40.0
2026-09-14 14:43:44.361025+00:00,SPY,758.265,40.0
2026-09-14 14:43:44.367428+00:00,SPY,758.265,40.0
2026-09-14 14:43:46.331345+00:00,SPY,758.23,80.0
2026-09-14 14:43:46.426899+00:00,SPY,758.235,97.0
2026-09-14 14:43:49.153624+00:00,SPY,758.24,10.0
2026-09-14 14:43:49.159545+00:00,SPY,758.24,20.0
2026-09-14 14:43:52.744394+00:00,SPY,758.21,7.0
2026-09-14 14:43:52.761075+00:00,SPY,758.21,33.0
2026-09-14 14:43:52.761099+00:00,SPY,758.21,40.0
2026-09-14 14:43:52.766277+00:00,SPY,758.21,40.0
2026-09-14 14:43:52.767721+00:00,SPY,758.21,19.0
2026-09-14 14:43:54.069184+00:00,SPY,758.21,21.0
2026-09-14 14:43:54.069367+00:00,SPY,758.21,45.0
2026-09-14 14:43:54.911979+00:00,SPY,758.21,40.0
2026-09-14 14:43:55.454794+00:00,SPY,758.215,10.0
2026-09-14 14:43:55.972236+00:00,SPY,758.205,30.0
2026-09-14 14:43:55.974480+00:00,SPY,758.205,40.0
2026-09-14 14:43:55.983642+00:00,SPY,758.205,14.0
2026-09-14 14:43:56.016854+00:00,SPY,758.21,100.0
2026-09-14 14:43:56.440821+00:00,SPY,758.215,4.0
2026-09-14 14:43:57.533348+00:00,SPY,758.235,100.0
2026-09-14 14:43:58.389132+00:00,SPY,758.25,66.0
2026-09-14 14:43:58.389138+00:00,SPY,758.25,49.0
2026-09-14 14:43:58.389141+00:00,SPY,758.25,100.0
2026-09-14 14:43:58.909101+00:00,SPY,758.27,40.0
2026-09-14 14:44:01.251767+00:00,SPY,758.25,80.0
2026-09-14 14:44:01.251797+00:00,SPY,758.25,40.0
2026-09-14 14:44:03.623687+00:00,SPY,758.26,40.0
2026-09-14 14:44:03.743262+00:00,SPY,758.255,4.0
2026-09-14 14:44:04.302107+00:00,SPY,758.28,80.0
2026-09-14 14:44:04.302110+00:00,SPY,758.28,65.0
2026-09-14 14:44:04.302146+00:00,SPY,758.28,15.0
2026-09-14 14:44:08.599772+00:00,SPY,758.29,40.0
2026-09-14 14:44:08.599826+00:00,SPY,758.29,25.0
2026-09-14 14:44:09.861555+00:00,SPY,758.295,40.0
2026-09-14 14:44:09.900447+00:00,SPY,758.295,80.0
2026-09-14 14:44:09.907250+00:00,SPY,758.295,80.0
2026-09-14 14:44:09.909090+00:00,SPY,758.295,40.0
2026-09-14 14:44:11.410639+00:00,SPY,758.31,40.0
2026-09-14 14:44:11.410660+00:00,SPY,758.31,40.0
2026-09-14 14:44:11.410660+00:00,SPY,758.31,120.0
2026-09-14 14:44:11.770535+00:00,SPY,758.31,1.0
2026-09-14 14:44:12.333177+00:00,SPY,758.32,100.0
2026-09-14 14:44:12.333180+00:00,SPY,758.32,49.0
2026-09-14 14:44:12.333180+00:00,SPY,758.32,40.0
2026-09-14 14:44:16.779125+00:00,SPY,758.275,40.0
2026-09-14 14:44:16.780803+00:00,SPY,758.275,40.0
2026-09-14 14:44:16.782833+00:00,SPY,758.275,17.0
2026-09-14 14:44:16.819971+00:00,SPY,758.29,8.0
2026-09-14 14:44:16.820016+00:00,SPY,758.3,32.0
2026-09-14 14:44:16.820173+00:00,SPY,758.3,8.0
2026-09-14 14:44:17.037195+00:00,SPY,758.32,8.0
2026-09-14 14:44:17.045763+00:00,SPY,758.32,8.0
2026-09-14 14:44:17.047242+00:00,SPY,758.32,8.0
2026-09-14 14:44:17.089265+00:00,SPY,758.33,45.0
2026-09-14 14:44:17.089265+00:00,SPY,758.33,75.0
2026-09-14 14:44:26.011243+00:00,SPY,758.33,40.0
2026-09-14 14:44:26.925433+00:00,SPY,758.32,80.0
2026-09-14 14:44:26.925463+00:00,SPY,758.32,65.0
2026-09-14 14:44:27.604731+00:00,SPY,758.33,48.0
2026-09-14 14:44:27.604752+00:00,SPY,758.33,49.0
2026-09-14 14:44:27.866686+00:00,SPY,758.34,40.0
2026-09-14 14:44:27.868767+00:00,SPY,758.35,25.0
2026-09-14 14:44:28.248186+00:00,SPY,758.34,40.0
2026-09-14 14:44:28.446630+00:00,SPY,758.36,30.0
2026-09-14 14:44:28.478404+00:00,SPY,758.365,24.0
2026-09-14 14:44:28.478437+00:00,SPY,758.37,56.0
2026-09-14 14:44:28.481265+00:00,SPY,758.365,16.0
2026-09-14 14:44:28.481285+00:00,SPY,758.37,8.0
2026-09-14 14:44:30.324425+00:00,SPY,758.41,49.0
2026-09-14 14:44:32.754213+00:00,SPY,758.415,100.0
2026-09-14 14:44:32.754793+00:00,SPY,758.415,200.0
2026-09-14 14:44:32.817818+00:00,SPY,758.42,200.0
2026-09-14 14:44:32.826367+00:00,SPY,758.425,100.0
2026-09-14 14:44:33.576382+00:00,SPY,758.425,100.0
2026-09-14 14:44:33.727619+00:00,SPY,758.43,80.0
2026-09-14 14:44:34.789097+00:00,SPY,758.425,167.0
2026-09-14 14:44:35.182623+00:00,SPY,758.425,40.0
2026-09-14 14:44:35.278405+00:00,SPY,758.44,40.0
2026-09-14 14:44:35.278444+00:00,SPY,758.44,40.0
2026-09-14 14:44:35.801360+00:00,SPY,758.48,27.0
2026-09-14 14:44:35.861097+00:00,SPY,758.48,31.0
2026-09-14 14:44:36.017041+00:00,SPY,758.5,31.0
2026-09-14 14:44:36.792548+00:00,SPY,758.49,9.0
2026-09-14 14:44:38.121340+00:00,SPY,758.52,18.0
2026-09-14 14:44:38.121364+00:00,SPY,758.52,40.0
2026-09-14 14:44:38.359921+00:00,SPY,758.515,40.0
2026-09-14 14:44:39.810404+00:00,SPY,758.57,80.0
2026-09-14 14:44:39.810444+00:00,SPY,758.57,49.0
2026-09-14 14:44:39.810444+00:00,SPY,758.57,40.0
2026-09-14 14:44:40.008671+00:00,SPY,758.565,40.0
2026-09-14 14:44:40.385994+00:00,SPY,758.565,24.0
2026-09-14 14:44:40.387876+00:00,SPY,758.565,16.0
2026-09-14 14:44:42.815574+00:00,SPY,758.57,67.0
2026-09-14 14:44:42.857719+00:00,SPY,758.58,67.0
2026-09-14 14:44:43.615598+00:00,SPY,758.61,49.0
2026-09-14 14:44:44.190313+00:00,SPY,758.61,65.0
2026-09-14 14:44:44.190316+00:00,SPY,758.61,55.0
2026-09-14 14:44:45.019341+00:00,SPY,758.61,20.0
2026-09-14 14:44:45.019381+00:00,SPY,758.61,40.0
2026-09-14 14:44:47.388426+00:00,SPY,758.6,34.0
2026-09-14 14:44:50.253999+00:00,SPY,758.59,80.0
2026-09-14 14:44:51.892317+00:00,SPY,758.605,40.0
2026-09-14 14:44:51.892871+00:00,SPY,758.61,40.0
2026-09-14 14:44:55.129987+00:00,SPY,758.61,40.0
2026-09-14 14:44:55.866001+00:00,SPY,758.605,40.0
2026-09-14 14:44:59.361563+00:00,SPY,758.645,44.0
2026-09-14 14:44:59.464078+00:00,SPY,758.66,40.0
2026-09-14 14:45:00.397206+00:00,SPY,758.67,1.0
2026-09-14 14:45:01.186997+00:00,SPY,758.64,1.0
2026-09-14 14:45:01.410085+00:00,SPY,758.645,100.0
2026-09-14 14:45:01.617295+00:00,SPY,758.645,100.0
2026-09-14 14:45:02.135823+00:00,SPY,758.65,120.0
2026-09-14 14:45:04.808639+00:00,SPY,758.605,39.0
2026-09-14 14:45:06.839512+00:00,SPY,758.575,6.0
2026-09-14 14:45:06.885320+00:00,SPY,758.575,34.0
2026-09-14 14:45:07.323902+00:00,SPY,758.605,1.0
2026-09-14 14:45:07.326010+00:00,SPY,758.605,23.0
2026-09-14 14:45:08.458921+00:00,SPY,758.62,100.0
2026-09-14 14:45:08.458960+00:00,SPY,758.62,40.0
2026-09-14 14:45:08.460160+00:00,SPY,758.62,100.0
2026-09-14 14:45:08.465194+00:00,SPY,758.62,100.0
2026-09-14 14:45:08.507376+00:00,SPY,758.615,40.0
2026-09-14 14:45:08.544827+00:00,SPY,758.62,22.0
2026-09-14 14:45:08.563875+00:00,SPY,758.615,60.0
2026-09-14 14:45:08.712962+00:00,SPY,758.615,40.0
2026-09-14 14:45:10.157554+00:00,SPY,758.67,47.0
2026-09-14 14:45:11.154751+00:00,SPY,758.695,1280.0
2026-09-14 14:45:11.175193+00:00,SPY,758.695,100.0
2026-09-14 14:45:12.598565+00:00,SPY,758.725,1.0
2026-09-14 14:45:12.642271+00:00,SPY,758.725,10.0
2026-09-14 14:45:12.642821+00:00,SPY,758.725,30.0
2026-09-14 14:45:13.416551+00:00,SPY,758.73,31.0
2026-09-14 14:45:13.416551+00:00,SPY,758.73,65.0
2026-09-14 14:45:13.416554+00:00,SPY,758.73,93.0
2026-09-14 14:45:13.481885+00:00,SPY,758.72,11.0
2026-09-14 14:45:14.078266+00:00,SPY,758.725,13.0
2026-09-14 14:45:14.080464+00:00,SPY,758.725,24.0
2026-09-14 14:45:14.082040+00:00,SPY,758.725,12.0
2026-09-14 14:45:14.703630+00:00,SPY,758.75,40.0
2026-09-14 14:45:14.707669+00:00,SPY,758.75,41.0
2026-09-14 14:45:15.784210+00:00,SPY,758.745,40.0
2026-09-14 14:45:15.786459+00:00,SPY,758.745,11.0
2026-09-14 14:45:17.711982+00:00,SPY,758.795,40.0
2026-09-14 14:45:17.714195+00:00,SPY,758.795,40.0
2026-09-14 14:45:17.723144+00:00,SPY,758.795,27.0
2026-09-14 14:45:17.796261+00:00,SPY,758.8,20.0
2026-09-14 14:45:17.796276+00:00,SPY,758.8,100.0
2026-09-14 14:45:17.796276+00:00,SPY,758.8,80.0
2026-09-14 14:45:17.797473+00:00,SPY,758.795,53.0
2026-09-14 14:45:18.381022+00:00,SPY,758.795,200.0
2026-09-14 14:45:18.630546+00:00,SPY,758.81,40.0
2026-09-14 14:45:18.630582+00:00,SPY,758.81,100.0
2026-09-14 14:45:19.106102+00:00,SPY,758.79,40.0
2026-09-14 14:45:19.423444+00:00,SPY,758.79,70.0
2026-09-14 14:45:20.355267+00:00,SPY,758.785,59.0
2026-09-14 14:45:20.649408+00:00,SPY,758.79,80.0
2026-09-14 14:45:20.649853+00:00,SPY,758.8,100.0
2026-09-14 14:45:24.345150+00:00,SPY,758.79,40.0
2026-09-14 14:45:24.855041+00:00,SPY,758.775,40.0
2026-09-14 14:45:24.996213+00:00,SPY,758.77,16.0
2026-09-14 14:45:25.148344+00:00,SPY,758.77,40.0
2026-09-14 14:45:25.148383+00:00,SPY,758.77,40.0
2026-09-14 14:45:25.288990+00:00,SPY,758.77,40.0
2026-09-14 14:45:25.289708+00:00,SPY,758.77,60.0
2026-09-14 14:45:25.331442+00:00,SPY,758.78,40.0
2026-09-14 14:45:25.471366+00:00,SPY,758.77,40.0
2026-09-14 14:45:25.847210+00:00,SPY,758.76,40.0
2026-09-14 14:45:26.140094+00:00,SPY,758.76,40.0
2026-09-14 14:45:26.824008+00:00,SPY,758.765,40.0
2026-09-14 14:45:26.853079+00:00,SPY,758.77,40.0
2026-09-14 14:45:27.539110+00:00,SPY,758.81,50.0
2026-09-14 14:45:27.539143+00:00,SPY,758.81,80.0
2026-09-14 14:45:28.587498+00:00,SPY,758.8,40.0
2026-09-14 14:45:29.259759+00:00,SPY,758.79,4.0
2026-09-14 14:45:29.375148+00:00,SPY,758.79,36.0
2026-09-14 14:45:29.376696+00:00,SPY,758.79,17.0
2026-09-14 14:45:30.616723+00:00,SPY,758.8,80.0
2026-09-14 14:45:30.635205+00:00,SPY,758.81,59.0
2026-09-14 14:45:31.169259+00:00,SPY,758.81,128.0
2026-09-14 14:45:31.710356+00:00,SPY,758.81,1.0
2026-09-14 14:45:35.015690+00:00,SPY,758.855,40.0
2026-09-14 14:45:35.107500+00:00,SPY,758.855,36.0
2026-09-14 14:45:37.480033+00:00,SPY,758.855,100.0
2026-09-14 14:45:38.737442+00:00,SPY,758.83,40.0
2026-09-14 14:45:38.737601+00:00,SPY,758.83,120.0
2026-09-14 14:45:38.737615+00:00,SPY,758.83,3.0
2026-09-14 14:45:39.496523+00:00,SPY,758.85,25.0
2026-09-14 14:45:39.852681+00:00,SPY,758.85,40.0
2026-09-14 14:45:39.853481+00:00,SPY,758.85,60.0
2026-09-14 14:45:40.153541+00:00,SPY,758.86,40.0
2026-09-14 14:45:41.477010+00:00,SPY,758.87,40.0
2026-09-14 14:45:43.109861+00:00,SPY,758.83,10.0
2026-09-14 14:45:44.035827+00:00,SPY,758.825,10.0
2026-09-14 14:45:44.038906+00:00,SPY,758.825,5.0
2026-09-14 14:45:44.038921+00:00,SPY,758.825,35.0
2026-09-14 14:45:44.142390+00:00,SPY,758.825,90.0
2026-09-14 14:45:47.039090+00:00,SPY,758.82,40.0
2026-09-14 14:45:47.051563+00:00,SPY,758.815,60.0
2026-09-14 14:45:47.562989+00:00,SPY,758.83,40.0
2026-09-14 14:45:48.093362+00:00,SPY,758.85,40.0
2026-09-14 14:45:48.093362+00:00,SPY,758.85,40.0
2026-09-14 14:45:48.707919+00:00,SPY,758.855,69.0
2026-09-14 14:45:48.715073+00:00,SPY,758.855,40.0
2026-09-14 14:45:48.716363+00:00,SPY,758.855,40.0
2026-09-14 14:45:48.721364+00:00,SPY,758.855,40.0
2026-09-14 14:45:48.746302+00:00,SPY,758.855,68.0
2026-09-14 14:45:48.758530+00:00,SPY,758.855,96.0
2026-09-14 14:45:49.680396+00:00,SPY,758.865,920.0
2026-09-14 14:45:49.681473+00:00,SPY,758.865,40.0
2026-09-14 14:45:49.682357+00:00,SPY,758.865,55.0
2026-09-14 14:45:49.782069+00:00,SPY,758.865,71.0
2026-09-14 14:45:52.534606+00:00,SPY,758.85,40.0
2026-09-14 14:45:54.043191+00:00,SPY,758.82,40.0
2026-09-14 14:45:54.043239+00:00,SPY,758.82,76.0
2026-09-14 14:45:54.055307+00:00,SPY,758.82,23.0
2026-09-14 14:45:54.055379+00:00,SPY,758.83,97.0
2026-09-14 14:45:54.117233+00:00,SPY,758.825,17.0
2026-09-14 14:45:54.132582+00:00,SPY,758.83,23.0
2026-09-14 14:45:54.226313+00:00,SPY,758.84,100.0
2026-09-14 14:45:54.283894+00:00,SPY,758.85,57.0
2026-09-14 14:45:54.670495+00:00,SPY,758.85,20.0
2026-09-14 14:45:55.486806+00:00,SPY,758.84,100.0
2026-09-14 14:45:55.927337+00:00,SPY,758.855,50.0
2026-09-14 14:45:57.793753+00:00,SPY,758.875,5.0
2026-09-14 14:45:58.369159+00:00,SPY,758.88,40.0
2026-09-14 14:45:58.369616+00:00,SPY,758.89,35.0
2026-09-14 14:45:58.369616+00:00,SPY,758.89,80.0
2026-09-14 14:45:58.369619+00:00,SPY,758.89,80.0
2026-09-14 14:45:58.545010+00:00,SPY,758.905,19.0
2026-09-14 14:45:58.985821+00:00,SPY,758.915,40.0
2026-09-14 14:45:58.986380+00:00,SPY,758.915,40.0
2026-09-14 14:45:58.988978+00:00,SPY,758.915,40.0
2026-09-14 14:45:59.632951+00:00,SPY,758.89,35.0
2026-09-14 14:46:04.646779+00:00,SPY,758.865,80.0
2026-09-14 14:46:04.725465+00:00,SPY,758.87,120.0
2026-09-14 14:46:05.073158+00:00,SPY,758.875,11.0
2026-09-14 14:46:05.091123+00:00,SPY,758.875,11.0
2026-09-14 14:46:06.329871+00:00,SPY,758.88,40.0
2026-09-14 14:46:06.329886+00:00,SPY,758.88,40.0
2026-09-14 14:46:06.383171+00:00,SPY,758.88,40.0
2026-09-14 14:46:06.880694+00:00,SPY,758.9,40.0
2026-09-14 14:46:08.472371+00:00,SPY,758.92,100.0
2026-09-14 14:46:08.497394+00:00,SPY,758.92,100.0
2026-09-14 14:46:08.888318+00:00,SPY,758.925,30.0
2026-09-14 14:46:09.004438+00:00,SPY,758.935,40.0
2026-09-14 14:46:09.661910+00:00,SPY,758.97,40.0
2026-09-14 14:46:09.720631+00:00,SPY,758.965,3.0
2026-09-14 14:46:09.720631+00:00,SPY,758.965,40.0
2026-09-14 14:46:09.720634+00:00,SPY,758.965,22.0
2026-09-14 14:46:12.755842+00:00,SPY,758.97,12.0
2026-09-14 14:46:13.141483+00:00,SPY,759.005,4.0
2026-09-14 14:46:13.790096+00:00,SPY,759.01,40.0
2026-09-14 14:46:13.995495+00:00,SPY,759.03,40.0
2026-09-14 14:46:15.095856+00:00,SPY,759.03,100.0
2026-09-14 14:46:15.095859+00:00,SPY,759.03,20.0
2026-09-14 14:46:15.514591+00:00,SPY,759.015,40.0
2026-09-14 14:46:16.151380+00:00,SPY,758.995,40.0
2026-09-14 14:46:16.153079+00:00,SPY,758.995,2.0
2026-09-14 14:46:16.321415+00:00,SPY,758.995,40.0
2026-09-14 14:46:16.438932+00:00,SPY,759.0,4.0
2026-09-14 14:46:17.784965+00:00,SPY,758.985,40.0
2026-09-14 14:46:18.188261+00:00,SPY,759.0,4.0
2026-09-14 14:46:18.188261+00:00,SPY,759.0,40.0
2026-09-14 14:46:18.225264+00:00,SPY,758.99,40.0
2026-09-14 14:46:18.520428+00:00,SPY,758.99,40.0
2026-09-14 14:46:18.558481+00:00,SPY,758.995,24.0
2026-09-14 14:46:18.560372+00:00,SPY,758.995,16.0
2026-09-14 14:46:20.367890+00:00,SPY,758.975,14.0
2026-09-14 14:46:20.388017+00:00,SPY,758.975,40.0
2026-09-14 14:46:20.549740+00:00,SPY,758.975,40.0
2026-09-14 14:46:22.586850+00:00,SPY,758.96,240.0
2026-09-14 14:46:22.599615+00:00,SPY,758.95,24.0
2026-09-14 14:46:23.419592+00:00,SPY,758.925,500.0
2026-09-14 14:46:23.423938+00:00,SPY,758.925,120.0
2026-09-14 14:46:23.424717+00:00,SPY,758.925,120.0
2026-09-14 14:46:23.531156+00:00,SPY,758.925,500.0
2026-09-14 14:46:23.531159+00:00,SPY,758.925,40.0
2026-09-14 14:46:23.531192+00:00,SPY,758.93,80.0
2026-09-14 14:46:23.532398+00:00,SPY,758.93,40.0
2026-09-14 14:46:23.939245+00:00,SPY,758.935,200.0
2026-09-14 14:46:24.640905+00:00,SPY,758.965,80.0
2026-09-14 14:46:25.190455+00:00,SPY,758.93,40.0
2026-09-14 14:46:25.578424+00:00,SPY,758.93,40.0
2026-09-14 14:46:25.826104+00:00,SPY,758.935,3.0
2026-09-14 14:46:25.901515+00:00,SPY,758.935,200.0
2026-09-14 14:46:25.901527+00:00,SPY,758.935,37.0
2026-09-14 14:46:25.901530+00:00,SPY,758.935,80.0
2026-09-14 14:46:26.049917+00:00,SPY,758.935,120.0
2026-09-14 14:46:26.050416+00:00,SPY,758.935,40.0
2026-09-14 14:46:26.050425+00:00,SPY,758.94,80.0
2026-09-14 14:46:26.051162+00:00,SPY,758.94,40.0
2026-09-14 14:46:26.051174+00:00,SPY,758.94,19.0
2026-09-14 14:46:26.051378+00:00,SPY,758.94,21.0
2026-09-14 14:46:26.051871+00:00,SPY,758.95,40.0
2026-09-14 14:46:26.673420+00:00,SPY,758.94,40.0
2026-09-14 14:46:26.673420+00:00,SPY,758.94,200.0
2026-09-14 14:46:26.673426+00:00,SPY,758.94,65.0
2026-09-14 14:46:26.769108+00:00,SPY,758.945,80.0
2026-09-14 14:46:26.769129+00:00,SPY,758.945,120.0
2026-09-14 14:46:26.769129+00:00,SPY,758.945,40.0
2026-09-14 14:46:26.772230+00:00,SPY,758.945,280.0
2026-09-14 14:46:27.250431+00:00,SPY,758.945,40.0
2026-09-14 14:46:27.250477+00:00,SPY,758.945,40.0
2026-09-14 14:46:27.251430+00:00,SPY,758.945,40.0
2026-09-14 14:46:27.252070+00:00,SPY,758.945,40.0
2026-09-14 14:46:27.254206+00:00,SPY,758.945,40.0
2026-09-14 14:46:27.256208+00:00,SPY,758.945,40.0
2026-09-14 14:46:27.257886+00:00,SPY,758.945,29.0
2026-09-14 14:46:29.241616+00:00,SPY,758.905,40.0
2026-09-14 14:46:29.242635+00:00,SPY,758.905,40.0
2026-09-14 14:46:29.242894+00:00,SPY,758.9,40.0
2026-09-14 14:46:29.244253+00:00,SPY,758.905,40.0
2026-09-14 14:46:29.246535+00:00,SPY,758.905,40.0
2026-09-14 14:46:29.248454+00:00,SPY,758.905,13.0
2026-09-14 14:46:29.253097+00:00,SPY,758.905,120.0
2026-09-14 14:46:30.312843+00:00,SPY,758.88,120.0
2026-09-14 14:46:30.312882+00:00,SPY,758.88,40.0
2026-09-14 14:46:31.693485+00:00,SPY,758.825,40.0
2026-09-14 14:46:31.695527+00:00,SPY,758.825,14.0
2026-09-14 14:46:32.030502+00:00,SPY,758.83,65.0
2026-09-14 14:46:32.030502+00:00,SPY,758.83,200.0
2026-09-14 14:46:32.030505+00:00,SPY,758.83,12.0
2026-09-14 14:46:32.179325+00:00,SPY,758.855,80.0
2026-09-14 14:46:32.786324+00:00,SPY,758.87,49.0
2026-09-14 14:46:32.786352+00:00,SPY,758.87,80.0
2026-09-14 14:46:33.461671+00:00,SPY,758.86,2.0
2026-09-14 14:46:33.835707+00:00,SPY,758.855,1.0
2026-09-14 14:46:34.064022+00:00,SPY,758.85,160.0
2026-09-14 14:46:34.064022+00:00,SPY,758.85,35.0
2026-09-14 14:46:34.951375+00:00,SPY,758.835,39.0
2026-09-14 14:46:36.395619+00:00,SPY,758.825,6.0
2026-09-14 14:46:36.628576+00:00,SPY,758.825,34.0
2026-09-14 14:46:38.027544+00:00,SPY,758.8,6.0
2026-09-14 14:46:38.960287+00:00,SPY,758.795,97.0
2026-09-14 14:46:42.936307+00:00,SPY,758.79,64.0
2026-09-14 14:46:45.671633+00:00,SPY,758.745,100.0
2026-09-14 14:46:45.672833+00:00,SPY,758.745,40.0
2026-09-14 14:46:46.532793+00:00,SPY,758.76,40.0
2026-09-14 14:46:46.606079+00:00,SPY,758.765,40.0
2026-09-14 14:46:46.652552+00:00,SPY,758.78,1.0
2026-09-14 14:46:48.460304+00:00,SPY,758.765,46.0
2026-09-14 14:46:54.607980+00:00,SPY,758.75,100.0
2026-09-14 14:46:54.759022+00:00,SPY,758.76,200.0
2026-09-14 14:46:54.812204+00:00,SPY,758.76,100.0
2026-09-14 14:46:55.128710+00:00,SPY,758.76,200.0
2026-09-14 14:46:55.708215+00:00,SPY,758.755,1.0
2026-09-14 14:46:57.078822+00:00,SPY,758.745,2.0
2026-09-14 14:46:58.901294+00:00,SPY,758.73,80.0
2026-09-14 14:46:58.903011+00:00,SPY,758.73,40.0
2026-09-14 14:46:59.085231+00:00,SPY,758.74,17.0
2026-09-14 14:46:59.093459+00:00,SPY,758.74,20.0
2026-09-14 14:46:59.095017+00:00,SPY,758.74,20.0
2026-09-14 14:47:00.250643+00:00,SPY,758.77,20.0
2026-09-14 14:47:00.250673+00:00,SPY,758.77,100.0
2026-09-14 14:47:00.479887+00:00,SPY,758.745,4.0
2026-09-14 14:47:01.856295+00:00,SPY,758.76,1.0
2026-09-14 14:47:01.866970+00:00,SPY,758.76,99.0
2026-09-14 14:47:10.808965+00:00,SPY,758.71,40.0
2026-09-14 14:47:11.689269+00:00,SPY,758.715,40.0
2026-09-14 14:47:11.689627+00:00,SPY,758.715,9.0
2026-09-14 14:47:11.690084+00:00,SPY,758.72,40.0
2026-09-14 14:47:12.048366+00:00,SPY,758.72,40.0
2026-09-14 14:47:12.860229+00:00,SPY,758.685,40.0
2026-09-14 14:47:12.862392+00:00,SPY,758.685,40.0
2026-09-14 14:47:12.865534+00:00,SPY,758.68,18.0
2026-09-14 14:47:14.167722+00:00,SPY,758.685,10.0
2026-09-14 14:47:15.457532+00:00,SPY,758.65,40.0
2026-09-14 14:47:22.940427+00:00,SPY,758.53,37.0
2026-09-14 14:47:24.046264+00:00,SPY,758.53,4.0
2026-09-14 14:47:24.150340+00:00,SPY,758.535,4.0
2026-09-14 14:47:24.201994+00:00,SPY,758.53,4.0
2026-09-14 14:47:24.204036+00:00,SPY,758.53,4.0
2026-09-14 14:47:24.206162+00:00,SPY,758.53,4.0
2026-09-14 14:47:24.209037+00:00,SPY,758.53,4.0
2026-09-14 14:47:24.830062+00:00,SPY,758.54,40.0
2026-09-14 14:47:24.849166+00:00,SPY,758.54,24.0
2026-09-14 14:47:24.851407+00:00,SPY,758.54,24.0
2026-09-14 14:47:24.853190+00:00,SPY,758.54,24.0
2026-09-14 14:47:24.854793+00:00,SPY,758.54,6.0
2026-09-14 14:47:26.830676+00:00,SPY,758.53,40.0
2026-09-14 14:47:30.546611+00:00,SPY,758.48,40.0
2026-09-14 14:47:31.051090+00:00,SPY,758.495,40.0
2026-09-14 14:47:36.139956+00:00,SPY,758.53,42.0
2026-09-14 14:47:36.139977+00:00,SPY,758.53,46.0
2026-09-14 14:47:36.139977+00:00,SPY,758.53,65.0
2026-09-14 14:47:36.598762+00:00,SPY,758.555,104.0
2026-09-14 14:47:39.607044+00:00,SPY,758.565,4.0
2026-09-14 14:47:40.256709+00:00,SPY,758.605,20.0
2026-09-14 14:47:40.256712+00:00,SPY,758.61,20.0
2026-09-14 14:47:43.867290+00:00,SPY,758.62,1.0
2026-09-14 14:47:44.508635+00:00,SPY,758.635,15.0
2026-09-14 14:47:44.756285+00:00,SPY,758.61,40.0
2026-09-14 14:47:45.263961+00:00,SPY,758.59,40.0
2026-09-14 14:47:45.264824+00:00,SPY,758.59,40.0
2026-09-14 14:47:47.245846+00:00,SPY,758.59,2.0
2026-09-14 14:47:47.528055+00:00,SPY,758.59,1.0
2026-09-14 14:47:49.412951+00:00,SPY,758.585,1.0
2026-09-14 14:47:49.707967+00:00,SPY,758.57,25.0
2026-09-14 14:47:50.123746+00:00,SPY,758.61,3.0
2026-09-14 14:47:50.185201+00:00,SPY,758.61,5.0
2026-09-14 14:47:50.963814+00:00,SPY,758.62,40.0
2026-09-14 14:47:51.100485+00:00,SPY,758.615,10.0
2026-09-14 14:47:52.060332+00:00,SPY,758.625,40.0
2026-09-14 14:47:54.921938+00:00,SPY,758.595,5.0
2026-09-14 14:47:55.299039+00:00,SPY,758.61,35.0
2026-09-14 14:47:56.011413+00:00,SPY,758.6,10.0
2026-09-14 14:47:56.738649+00:00,SPY,758.61,40.0
2026-09-14 14:47:56.795866+00:00,SPY,758.61,40.0
2026-09-14 14:47:57.866576+00:00,SPY,758.62,16.0
2026-09-14 14:47:58.793278+00:00,SPY,758.59,65.0
2026-09-14 14:47:58.800360+00:00,SPY,758.6,50.0
2026-09-14 14:47:59.911802+00:00,SPY,758.585,40.0
2026-09-14 14:48:00.723747+00:00,SPY,758.6,80.0
2026-09-14 14:48:01.181774+00:00,SPY,758.615,42.0
2026-09-14 14:48:01.424015+00:00,SPY,758.605,40.0
2026-09-14 14:48:01.424932+00:00,SPY,758.61,40.0
2026-09-14 14:48:01.424971+00:00,SPY,758.61,40.0
2026-09-14 14:48:01.561698+00:00,SPY,758.61,40.0
2026-09-14 14:48:02.882609+00:00,SPY,758.64,35.0
2026-09-14 14:48:02.882672+00:00,SPY,758.64,20.0
2026-09-14 14:48:04.336668+00:00,SPY,758.625,40.0
2026-09-14 14:48:04.480087+00:00,SPY,758.64,21.0
2026-09-14 14:48:04.495769+00:00,SPY,758.64,55.0
2026-09-14 14:48:04.567355+00:00,SPY,758.645,40.0
2026-09-14 14:48:04.835911+00:00,SPY,758.68,40.0
2026-09-14 14:48:06.428073+00:00,SPY,758.68,20.0
2026-09-14 14:48:11.278457+00:00,SPY,758.665,25.0
2026-09-14 14:48:11.295382+00:00,SPY,758.665,55.0
2026-09-14 14:48:13.292950+00:00,SPY,758.71,62.0
2026-09-14 14:48:13.299831+00:00,SPY,758.71,40.0
2026-09-14 14:48:14.727138+00:00,SPY,758.715,22.0
2026-09-14 14:48:14.729409+00:00,SPY,758.715,22.0
2026-09-14 14:48:14.731258+00:00,SPY,758.715,22.0
2026-09-14 14:48:15.205815+00:00,SPY,758.705,13.0
2026-09-14 14:48:15.205815+00:00,SPY,758.705,7.0
2026-09-14 14:48:15.783440+00:00,SPY,758.7,1.0
2026-09-14 14:48:18.702574+00:00,SPY,758.715,4.0
2026-09-14 14:48:18.980240+00:00,SPY,758.74,2.0
2026-09-14 14:48:19.839175+00:00,SPY,758.73,28.0
2026-09-14 14:48:20.948037+00:00,SPY,758.72,22.0
2026-09-14 14:48:24.955049+00:00,SPY,758.745,40.0
2026-09-14 14:48:25.252194+00:00,SPY,758.745,40.0
2026-09-14 14:48:25.253259+00:00,SPY,758.745,60.0
2026-09-14 14:48:26.642210+00:00,SPY,758.71,40.0
2026-09-14 14:48:26.642213+00:00,SPY,758.71,65.0
2026-09-14 14:48:26.688096+00:00,SPY,758.71,7.0
2026-09-14 14:48:27.148318+00:00,SPY,758.72,200.0
2026-09-14 14:48:27.420378+00:00,SPY,758.71,40.0
2026-09-14 14:48:35.221809+00:00,SPY,758.65,40.0
2026-09-14 14:48:37.902492+00:00,SPY,758.61,80.0
2026-09-14 14:48:37.907927+00:00,SPY,758.61,40.0
2026-09-14 14:48:42.336978+00:00,SPY,758.675,41.0
2026-09-14 14:48:43.772459+00:00,SPY,758.69,40.0
2026-09-14 14:48:43.789539+00:00,SPY,758.69,40.0
2026-09-14 14:48:44.703169+00:00,SPY,758.695,3.0
2026-09-14 14:48:44.819051+00:00,SPY,758.69,13.0
2026-09-14 14:48:51.927465+00:00,SPY,758.725,10.0
2026-09-14 14:48:51.928187+00:00,SPY,758.725,30.0
2026-09-14 14:48:52.059270+00:00,SPY,758.73,4.0
2026-09-14 14:48:53.070759+00:00,SPY,758.745,96.0
2026-09-14 14:48:54.042756+00:00,SPY,758.715,4.0
2026-09-14 14:48:55.082669+00:00,SPY,758.705,750.0
2026-09-14 14:48:55.083688+00:00,SPY,758.705,930.0
2026-09-14 14:48:55.904477+00:00,SPY,758.7,22.0
2026-09-14 14:48:55.906715+00:00,SPY,758.69,18.0
2026-09-14 14:48:55.922283+00:00,SPY,758.71,6.0
2026-09-14 14:49:00.298787+00:00,SPY,758.68,4.0
2026-09-14 14:49:02.599735+00:00,SPY,758.67,3.0
2026-09-14 14:49:02.601936+00:00,SPY,758.67,3.0
2026-09-14 14:49:02.604095+00:00,SPY,758.67,3.0
2026-09-14 14:49:02.606215+00:00,SPY,758.67,3.0
2026-09-14 14:49:02.608296+00:00,SPY,758.67,3.0
2026-09-14 14:49:02.872303+00:00,SPY,758.67,3.0
2026-09-14 14:49:08.098655+00:00,SPY,758.68,18.0
2026-09-14 14:49:08.141778+00:00,SPY,758.68,40.0
2026-09-14 14:49:10.614018+00:00,SPY,758.665,40.0
2026-09-14 14:49:10.616219+00:00,SPY,758.665,10.0
2026-09-14 14:49:11.938437+00:00,SPY,758.65,4.0
2026-09-14 14:49:12.662326+00:00,SPY,758.65,7.0
2026-09-14 14:49:14.895408+00:00,SPY,758.67,15.0
2026-09-14 14:49:16.793414+00:00,SPY,758.66,15.0
2026-09-14 14:49:16.825005+00:00,SPY,758.64,145.0
2026-09-14 14:49:16.825048+00:00,SPY,758.64,400.0
2026-09-14 14:49:16.829615+00:00,SPY,758.61,4.0
2026-09-14 14:49:17.186459+00:00,SPY,758.595,97.0
2026-09-14 14:49:21.311136+00:00,SPY,758.575,17.0
2026-09-14 14:49:21.311172+00:00,SPY,758.575,2.0
2026-09-14 14:49:21.313081+00:00,SPY,758.575,163.0
2026-09-14 14:49:27.066285+00:00,SPY,758.58,2.0
2026-09-14 14:49:29.123877+00:00,SPY,758.6,40.0
2026-09-14 14:49:36.544566+00:00,SPY,758.61,40.0
2026-09-14 14:49:36.574256+00:00,SPY,758.62,11.0
2026-09-14 14:49:36.868791+00:00,SPY,758.63,37.0
2026-09-14 14:49:41.064657+00:00,SPY,758.645,23.0
2026-09-14 14:49:41.064675+00:00,SPY,758.645,20.0
2026-09-14 14:49:41.064678+00:00,SPY,758.645,37.0
2026-09-14 14:49:41.101967+00:00,SPY,758.66,3.0
2026-09-14 14:49:41.102009+00:00,SPY,758.66,23.0
2026-09-14 14:49:41.148741+00:00,SPY,758.66,40.0
2026-09-14 14:49:41.750051+00:00,SPY,758.66,12.0
2026-09-14 14:49:41.750072+00:00,SPY,758.66,26.0
2026-09-14 14:49:41.751656+00:00,SPY,758.66,11.0
2026-09-14 14:49:44.163124+00:00,SPY,758.61,6.0
2026-09-14 14:49:45.714749+00:00,SPY,758.585,34.0
2026-09-14 14:49:50.299801+00:00,SPY,758.58,40.0
2026-09-14 14:49:53.925018+00:00,SPY,758.505,3.0
2026-09-14 14:49:53.925018+00:00,SPY,758.505,9.0
2026-09-14 14:49:53.937299+00:00,SPY,758.505,23.0
2026-09-14 14:49:53.937339+00:00,SPY,758.505,5.0
2026-09-14 14:49:53.942902+00:00,SPY,758.49,32.0
2026-09-14 14:49:55.132888+00:00,SPY,758.49,1000.0
2026-09-14 14:49:56.791108+00:00,SPY,758.49,40.0
2026-09-14 14:49:56.793385+00:00,SPY,758.49,40.0
2026-09-14 14:49:56.798070+00:00,SPY,758.49,16.0
2026-09-14 14:49:58.505584+00:00,SPY,758.58,8.0
2026-09-14 14:49:58.533175+00:00,SPY,758.59,16.0
2026-09-14 14:49:58.971937+00:00,SPY,758.61,100.0
2026-09-14 14:50:05.173034+00:00,SPY,758.55,200.0
2026-09-14 14:50:08.421529+00:00,SPY,758.58,40.0
2026-09-14 14:50:11.898856+00:00,SPY,758.57,8.0
2026-09-14 14:50:12.352484+00:00,SPY,758.585,96.0
2026-09-14 14:50:14.104134+00:00,SPY,758.55,4.0
2026-09-14 14:50:45.176192+00:00,SPY,758.45,9.0
2026-09-14 14:50:47.069592+00:00,SPY,758.43,96.0
2026-09-14 14:50:51.907695+00:00,SPY,758.36,100.0
2026-09-14 14:50:51.912822+00:00,SPY,758.36,42.0
2026-09-14 14:50:52.292666+00:00,SPY,758.32,40.0
2026-09-14 14:50:52.591985+00:00,SPY,758.315,4.0
2026-09-14 14:50:52.591985+00:00,SPY,758.315,50.0
2026-09-14 14:50:53.266580+00:00,SPY,758.315,40.0
2026-09-14 14:50:54.332392+00:00,SPY,758.31,160.0
2026-09-14 14:50:55.024028+00:00,SPY,758.35,56.0
2026-09-14 14:50:55.024031+00:00,SPY,758.35,65.0
2026-09-14 14:50:55.024070+00:00,SPY,758.35,15.0
2026-09-14 14:50:58.394128+00:00,SPY,758.38,74.0
2026-09-14 14:50:59.581595+00:00,SPY,758.39,110.0
2026-09-14 14:51:06.666045+00:00,SPY,758.385,40.0
2026-09-14 14:51:07.660261+00:00,SPY,758.36,40.0
2026-09-14 14:51:10.175476+00:00,SPY,758.37,4.0
2026-09-14 14:51:16.253134+00:00,SPY,758.33,80.0
2026-09-14 14:51:16.317476+00:00,SPY,758.33,100.0
2026-09-14 14:51:16.362208+00:00,SPY,758.33,36.0
2026-09-14 14:51:17.620935+00:00,SPY,758.34,40.0
2026-09-14 14:51:18.504385+00:00,SPY,758.33,19.0
2026-09-14 14:51:24.436874+00:00,SPY,758.36,111.0
2026-09-14 14:51:24.436877+00:00,SPY,758.36,129.0
2026-09-14 14:51:35.700215+00:00,SPY,758.345,40.0
2026-09-14 14:51:37.464585+00:00,SPY,758.35,40.0
2026-09-14 14:51:40.971346+00:00,SPY,758.35,70.0
2026-09-14 14:51:41.177900+00:00,SPY,758.4,39.0
2026-09-14 14:51:43.430448+00:00,SPY,758.46,50.0
2026-09-14 14:51:43.430469+00:00,SPY,758.46,40.0
2026-09-14 14:51:43.430472+00:00,SPY,758.46,40.0
2026-09-14 14:51:47.027575+00:00,SPY,758.455,40.0
2026-09-14 14:51:51.497867+00:00,SPY,758.48,4.0
2026-09-14 14:51:51.685921+00:00,SPY,758.49,100.0
2026-09-14 14:51:51.685921+00:00,SPY,758.5,65.0
2026-09-14 14:51:51.685957+00:00,SPY,758.5,4.0
2026-09-14 14:51:55.947954+00:00,SPY,758.435,520.0
2026-09-14 14:51:58.452650+00:00,SPY,758.48,80.0
2026-09-14 14:51:59.985387+00:00,SPY,758.45,100.0
2026-09-14 14:52:00.070454+00:00,SPY,758.45,40.0
2026-09-14 14:52:00.174006+00:00,SPY,758.45,100.0
2026-09-14 14:52:00.179569+00:00,SPY,758.45,100.0
2026-09-14 14:52:00.190531+00:00,SPY,758.45,100.0
2026-09-14 14:52:00.241295+00:00,SPY,758.455,100.0
2026-09-14 14:52:00.636198+00:00,SPY,758.455,40.0
2026-09-14 14:52:00.704326+00:00,SPY,758.455,80.0
2026-09-14 14:52:02.966676+00:00,SPY,758.41,120.0
2026-09-14 14:52:04.465560+00:00,SPY,758.39,80.0
2026-09-14 14:52:04.475003+00:00,SPY,758.385,40.0
2026-09-14 14:52:05.723476+00:00,SPY,758.35,40.0
2026-09-14 14:52:06.961734+00:00,SPY,758.34,40.0
2026-09-14 14:52:07.832097+00:00,SPY,758.33,6.0
2026-09-14 14:52:08.217882+00:00,SPY,758.325,40.0
2026-09-14 14:52:08.234945+00:00,SPY,758.325,40.0
2026-09-14 14:52:08.562532+00:00,SPY,758.325,40.0
2026-09-14 14:52:08.675109+00:00,SPY,758.325,160.0
2026-09-14 14:52:08.894278+00:00,SPY,758.325,40.0
2026-09-14 14:52:09.230469+00:00,SPY,758.315,40.0
2026-09-14 14:52:09.681576+00:00,SPY,758.32,40.0
2026-09-14 14:52:09.843901+00:00,SPY,758.32,65.0
2026-09-14 14:52:10.771193+00:00,SPY,758.32,23.0
2026-09-14 14:52:11.021814+00:00,SPY,758.325,40.0
2026-09-14 14:52:11.394560+00:00,SPY,758.35,38.0
2026-09-14 14:52:12.978485+00:00,SPY,758.35,80.0
2026-09-14 14:52:13.056674+00:00,SPY,758.36,100.0
2026-09-14 14:52:13.328920+00:00,SPY,758.36,100.0
2026-09-14 14:52:14.370097+00:00,SPY,758.365,40.0
2026-09-14 14:52:15.572290+00:00,SPY,758.35,65.0
2026-09-14 14:52:15.576413+00:00,SPY,758.35,100.0
2026-09-14 14:52:17.017715+00:00,SPY,758.33,6.0
2026-09-14 14:52:17.044630+00:00,SPY,758.325,40.0
2026-09-14 14:52:18.440536+00:00,SPY,758.315,80.0
2026-09-14 14:52:18.875206+00:00,SPY,758.315,200.0
2026-09-14 14:52:18.876244+00:00,SPY,758.315,40.0
2026-09-14 14:52:18.912697+00:00,SPY,758.315,100.0
2026-09-14 14:52:18.959191+00:00,SPY,758.315,40.0
2026-09-14 14:52:19.285055+00:00,SPY,758.32,40.0
2026-09-14 14:52:19.285121+00:00,SPY,758.32,100.0
2026-09-14 14:52:19.927708+00:00,SPY,758.32,40.0
2026-09-14 14:52:19.927708+00:00,SPY,758.32,120.0
2026-09-14 14:52:21.965488+00:00,SPY,758.325,97.0
2026-09-14 14:52:21.984202+00:00,SPY,758.32,60.0
2026-09-14 14:52:21.990255+00:00,SPY,758.32,60.0
2026-09-14 14:52:22.002497+00:00,SPY,758.32,60.0
2026-09-14 14:52:22.008157+00:00,SPY,758.32,60.0
2026-09-14 14:52:22.101692+00:00,SPY,758.32,600.0
2026-09-14 14:52:23.787323+00:00,SPY,758.315,40.0
2026-09-14 14:52:24.803933+00:00,SPY,758.335,80.0
2026-09-14 14:52:25.209579+00:00,SPY,758.34,77.0
2026-09-14 14:52:25.209585+00:00,SPY,758.34,5.0
2026-09-14 14:52:25.209590+00:00,SPY,758.34,120.0
2026-09-14 14:52:25.209593+00:00,SPY,758.34,65.0
2026-09-14 14:52:25.209596+00:00,SPY,758.34,80.0
2026-09-14 14:52:25.602154+00:00,SPY,758.345,40.0
2026-09-14 14:52:27.067388+00:00,SPY,758.35,40.0
2026-09-14 14:52:27.130887+00:00,SPY,758.36,5.0
2026-09-14 14:52:27.396701+00:00,SPY,758.36,35.0
2026-09-14 14:52:27.396708+00:00,SPY,758.36,120.0
2026-09-14 14:52:27.396711+00:00,SPY,758.36,65.0
2026-09-14 14:52:27.396716+00:00,SPY,758.36,80.0
2026-09-14 14:52:28.597523+00:00,SPY,758.34,120.0
2026-09-14 14:52:28.597562+00:00,SPY,758.34,65.0
2026-09-14 14:52:29.426572+00:00,SPY,758.32,480.0
2026-09-14 14:52:29.426590+00:00,SPY,758.32,20.0
2026-09-14 14:52:29.496967+00:00,SPY,758.325,40.0
2026-09-14 14:52:30.200885+00:00,SPY,758.31,120.0
2026-09-14 14:52:30.200922+00:00,SPY,758.31,80.0
2026-09-14 14:52:30.200925+00:00,SPY,758.31,40.0
2026-09-14 14:52:30.200928+00:00,SPY,758.31,40.0
2026-09-14 14:52:32.390757+00:00,SPY,758.3,6.0
2026-09-14 14:52:32.452497+00:00,SPY,758.3,120.0
2026-09-14 14:52:33.784570+00:00,SPY,758.29,515.0
2026-09-14 14:52:33.785569+00:00,SPY,758.29,405.0
2026-09-14 14:52:34.240513+00:00,SPY,758.29,40.0
2026-09-14 14:52:34.891676+00:00,SPY,758.29,27.0
2026-09-14 14:52:34.893649+00:00,SPY,758.29,13.0
2026-09-14 14:52:35.527536+00:00,SPY,758.28,40.0
2026-09-14 14:52:36.011536+00:00,SPY,758.29,6.0
2026-09-14 14:52:36.844804+00:00,SPY,758.29,6.0
2026-09-14 14:52:37.474689+00:00,SPY,758.24,160.0
2026-09-14 14:52:37.474728+00:00,SPY,758.24,80.0
2026-09-14 14:52:41.214103+00:00,SPY,758.265,40.0
2026-09-14 14:52:41.216281+00:00,SPY,758.27,120.0
2026-09-14 14:52:45.619576+00:00,SPY,758.27,80.0
2026-09-14 14:52:46.188920+00:00,SPY,758.28,30.0
2026-09-14 14:52:46.188924+00:00,SPY,758.28,160.0
2026-09-14 14:52:46.188965+00:00,SPY,758.28,65.0
2026-09-14 14:52:46.188965+00:00,SPY,758.28,80.0
2026-09-14 14:52:46.593653+00:00,SPY,758.275,40.0
2026-09-14 14:52:49.620679+00:00,SPY,758.27,65.0
2026-09-14 14:52:49.620679+00:00,SPY,758.27,46.0
2026-09-14 14:52:54.372151+00:00,SPY,758.23,500.0
2026-09-14 14:52:54.398934+00:00,SPY,758.23,40.0
2026-09-14 14:52:54.608459+00:00,SPY,758.23,80.0
2026-09-14 14:52:55.401787+00:00,SPY,758.22,40.0
2026-09-14 14:52:55.401811+00:00,SPY,758.22,100.0
2026-09-14 14:52:55.413211+00:00,SPY,758.22,200.0
2026-09-14 14:52:55.419748+00:00,SPY,758.22,100.0
2026-09-14 14:52:55.420491+00:00,SPY,758.22,4.0
2026-09-14 14:52:55.424875+00:00,SPY,758.22,100.0
2026-09-14 14:52:55.430869+00:00,SPY,758.22,40.0
2026-09-14 14:52:55.431762+00:00,SPY,758.22,100.0
2026-09-14 14:52:56.031153+00:00,SPY,758.23,6.0
2026-09-14 14:52:56.938913+00:00,SPY,758.23,6.0
2026-09-14 14:52:57.045289+00:00,SPY,758.23,88.0
2026-09-14 14:52:57.160966+00:00,SPY,758.24,120.0
2026-09-14 14:52:58.686579+00:00,SPY,758.23,40.0
2026-09-14 14:52:59.422502+00:00,SPY,758.22,36.0
2026-09-14 14:53:00.087558+00:00,SPY,758.23,65.0
2026-09-14 14:53:00.087558+00:00,SPY,758.23,15.0
2026-09-14 14:53:00.500252+00:00,SPY,758.235,10.0
2026-09-14 14:53:00.516818+00:00,SPY,758.235,30.0
2026-09-14 14:53:00.517778+00:00,SPY,758.235,30.0
2026-09-14 14:53:00.870932+00:00,SPY,758.26,40.0
2026-09-14 14:53:00.870953+00:00,SPY,758.26,40.0
2026-09-14 14:53:00.870953+00:00,SPY,758.26,40.0
2026-09-14 14:53:08.056558+00:00,SPY,758.265,40.0
2026-09-14 14:53:09.628581+00:00,SPY,758.285,40.0
2026-09-14 14:53:11.027476+00:00,SPY,758.285,40.0
2026-09-14 14:53:11.039237+00:00,SPY,758.285,80.0
2026-09-14 14:53:12.654205+00:00,SPY,758.31,40.0
2026-09-14 14:53:14.800902+00:00,SPY,758.3,5.0
2026-09-14 14:53:15.371368+00:00,SPY,758.29,40.0
2026-09-14 14:53:15.371407+00:00,SPY,758.29,165.0
2026-09-14 14:53:15.412698+00:00,SPY,758.29,195.0
2026-09-14 14:53:21.580863+00:00,SPY,758.26,2.0
2026-09-14 14:53:21.581621+00:00,SPY,758.26,98.0
2026-09-14 14:53:22.679901+00:00,SPY,758.275,20.0
2026-09-14 14:53:27.250564+00:00,SPY,758.22,40.0
2026-09-14 14:53:27.250582+00:00,SPY,758.22,65.0
2026-09-14 14:53:27.250582+00:00,SPY,758.22,55.0
2026-09-14 14:53:30.187966+00:00,SPY,758.23,65.0
2026-09-14 14:53:30.187996+00:00,SPY,758.22,15.0
2026-09-14 14:53:40.193451+00:00,SPY,758.21,100.0
2026-09-14 14:53:45.152205+00:00,SPY,758.18,6.0
2026-09-14 14:53:45.292809+00:00,SPY,758.18,40.0
2026-09-14 14:54:05.034191+00:00,SPY,758.14,40.0
2026-09-14 14:54:05.125215+00:00,SPY,758.15,4.0
2026-09-14 14:54:07.248772+00:00,SPY,758.17,100.0
2026-09-14 14:54:09.611355+00:00,SPY,758.19,40.0
2026-09-14 14:54:09.611355+00:00,SPY,758.19,23.0
2026-09-14 14:54:09.611370+00:00,SPY,758.19,14.0
2026-09-14 14:54:13.531949+00:00,SPY,758.16,5.0
2026-09-14 14:54:17.934379+00:00,SPY,758.16,26.0
2026-09-14 14:54:18.490223+00:00,SPY,758.155,25.0
2026-09-14 14:54:18.659966+00:00,SPY,758.17,65.0
2026-09-14 14:54:18.660024+00:00,SPY,758.17,35.0
2026-09-14 14:54:18.776880+00:00,SPY,758.2,10.0
2026-09-14 14:54:26.675443+00:00,SPY,758.18,112.0
2026-09-14 14:54:33.990598+00:00,SPY,758.28,40.0
2026-09-14 14:54:36.508877+00:00,SPY,758.26,40.0
2026-09-14 14:54:38.845800+00:00,SPY,758.265,3.0
2026-09-14 14:54:41.606693+00:00,SPY,758.275,5.0
2026-09-14 14:54:43.466837+00:00,SPY,758.265,15.0
2026-09-14 14:54:44.164217+00:00,SPY,758.25,40.0
2026-09-14 14:54:44.806951+00:00,SPY,758.24,40.0
2026-09-14 14:54:44.808192+00:00,SPY,758.23,10.0
2026-09-14 14:54:44.906627+00:00,SPY,758.23,5.0
2026-09-14 14:54:45.598973+00:00,SPY,758.2,1.0
2026-09-14 14:54:46.701851+00:00,SPY,758.22,2.0
2026-09-14 14:54:49.145961+00:00,SPY,758.22,9.0
